Aggregated engagement metrics for your organic and sponsored posts over time. Date indicates when your posts were viewed by LinkedIn members. Data is delayed by up to 2 days. All dates and times are in UTC.,,,,,,,,,,,,,,,,,,,
Date,Impressions (organic),Impressions (sponsored),Impressions (total),Unique impressions (organic),Clicks (organic),Clicks (sponsored),Clicks (total),Reactions (organic),Reactions (sponsored),Reactions (total),Comments (organic),Comments (sponsored),Comments (total),Reposts (organic),Reposts (sponsored),Reposts (total),Engagement rate (organic),Engagement rate (sponsored),Engagement rate (total)
02/19/2023,52,0,52,35,0,0,0,0,0,0,0,0,0,0,0,0,0,0,0
02/20/2023,83,0,83,38,5,0,5,1,0,1,0,0,0,0,0,0,0.07228915663,0,0.07228915663
02/21/2023,101,0,101,39,4,0,4,1,0,1,0,0,0,0,0,0,0.0495049505,0,0.0495049505
02/22/2023,1553,0,1553,972,55,0,55,60,0,60,0,0,0,0,0,0,0.07405022537,0,0.07405022537
02/23/2023,1127,0,1127,622,38,0,38,27,0,27,7,0,7,2,0,2,0.06566104703,0,0.06566104703
02/24/2023,428,0,428,253,14,0,14,13,0,13,0,0,0,0,0,0,0.06308411215,0,0.06308411215
02/25/2023,390,0,390,244,12,0,12,4,0,4,0,0,0,0,0,0,0.04102564103,0,0.04102564103
02/26/2023,251,0,251,127,1,0,1,2,0,2,0,0,0,0,0,0,0.01195219124,0,0.01195219124
02/27/2023,299,0,299,131,9,0,9,4,0,4,0,0,0,1,0,1,0.04682274247,0,0.04682274247
02/28/2023,184,0,184,89,5,0,5,1,0,1,0,0,0,0,0,0,0.03260869565,0,0.03260869565
03/01/2023,105,0,105,71,2,0,2,0,0,0,0,0,0,0,0,0,0.01904761905,0,0.01904761905
03/02/2023,94,0,94,47,3,0,3,0,0,0,0,0,0,0,0,0,0.03191489362,0,0.03191489362
03/03/2023,859,0,859,445,593,0,593,17,0,17,3,0,3,2,0,2,0.7159487776,0,0.7159487776
03/04/2023,152,0,152,88,135,0,135,1,0,1,1,0,1,1,0,1,0.9078947368,0,0.9078947368
03/05/2023,171,0,171,73,70,0,70,1,0,1,0,0,0,0,0,0,0.4152046784,0,0.4152046784
03/06/2023,260,0,260,131,91,0,91,10,0,10,0,0,0,1,0,1,0.3923076923,0,0.3923076923
03/07/2023,153,0,153,104,18,0,18,5,0,5,0,0,0,0,0,0,0.1503267974,0,0.1503267974
03/08/2023,624,0,624,415,349,0,349,27,0,27,2,0,2,0,0,0,0.6057692308,0,0.6057692308
03/09/2023,251,0,251,143,150,0,150,6,0,6,0,0,0,0,0,0,0.6215139442,0,0.6215139442
03/10/2023,136,0,136,102,23,0,23,3,0,3,0,0,0,0,0,0,0.1911764706,0,0.1911764706
03/11/2023,120,0,120,71,90,0,90,4,0,4,0,0,0,0,0,0,0.7833333333,0,0.7833333333
03/12/2023,117,0,117,84,30,0,30,2,0,2,0,0,0,0,0,0,0.2735042735,0,0.2735042735
03/13/2023,122,0,122,85,32,0,32,1,0,1,0,0,0,0,0,0,0.2704918033,0,0.2704918033
03/14/2023,75,0,75,55,13,0,13,0,0,0,0,0,0,0,0,0,0.1733333333,0,0.1733333333
03/15/2023,73,0,73,47,8,0,8,0,0,0,0,0,0,0,0,0,0.1095890411,0,0.1095890411
03/16/2023,130,0,130,53,20,0,20,0,0,0,0,0,0,0,0,0,0.1538461538,0,0.1538461538
03/17/2023,765,0,765,463,432,0,432,20,0,20,4,0,4,3,0,3,0.6,0,0.6
03/18/2023,171,0,171,108,45,0,45,3,0,3,1,0,1,0,0,0,0.2865497076,0,0.2865497076
03/19/2023,157,0,157,98,90,0,90,1,0,1,0,0,0,0,0,0,0.5796178344,0,0.5796178344
03/20/2023,250,0,250,123,129,0,129,2,0,2,1,0,1,0,0,0,0.528,0,0.528
03/21/2023,94,0,94,74,15,0,15,1,0,1,0,0,0,0,0,0,0.170212766,0,0.170212766
03/22/2023,70,0,70,40,30,0,30,1,0,1,0,0,0,-1,0,-1,0.4285714286,0,0.4285714286
03/23/2023,600,0,600,431,67,0,67,44,0,44,0,0,0,2,0,2,0.1883333333,0,0.1883333333
03/24/2023,224,0,224,136,47,0,47,4,0,4,0,0,0,0,0,0,0.2276785714,0,0.2276785714
03/25/2023,122,0,122,62,24,0,24,1,0,1,0,0,0,0,0,0,0.2049180328,0,0.2049180328
03/26/2023,62,0,62,46,13,0,13,3,0,3,0,0,0,0,0,0,0.2580645161,0,0.2580645161
03/27/2023,72,0,72,52,6,0,6,2,0,2,0,0,0,0,0,0,0.1111111111,0,0.1111111111
03/28/2023,601,0,601,389,15,0,15,13,0,13,3,0,3,0,0,0,0.05158069884,0,0.05158069884
03/29/2023,665,0,665,416,41,0,41,41,0,41,0,0,0,1,0,1,0.1248120301,0,0.1248120301
03/30/2023,586,0,586,332,39,0,39,37,0,37,2,0,2,5,0,5,0.1416382253,0,0.1416382253
03/31/2023,782,0,782,469,271,0,271,25,0,25,2,0,2,3,0,3,0.3849104859,0,0.3849104859
04/01/2023,170,0,170,112,29,0,29,4,0,4,0,0,0,0,0,0,0.1941176471,0,0.1941176471
04/02/2023,186,0,186,94,70,0,70,8,0,8,0,0,0,1,0,1,0.4247311828,0,0.4247311828
04/03/2023,224,0,224,76,35,0,35,3,0,3,0,0,0,0,0,0,0.1696428571,0,0.1696428571
04/04/2023,111,0,111,66,28,0,28,2,0,2,0,0,0,0,0,0,0.2702702703,0,0.2702702703
04/05/2023,97,0,97,56,54,0,54,3,0,3,0,0,0,0,0,0,0.587628866,0,0.587628866
04/06/2023,1106,0,1106,537,457,0,457,41,0,41,3,0,3,0,0,0,0.4529837251,0,0.4529837251
04/07/2023,362,0,362,186,139,0,139,10,0,10,0,0,0,0,0,0,0.4116022099,0,0.4116022099
04/08/2023,180,0,180,100,51,0,51,3,0,3,0,0,0,0,0,0,0.3,0,0.3
04/09/2023,139,0,139,73,50,0,50,1,0,1,0,0,0,0,0,0,0.3669064748,0,0.3669064748
04/10/2023,164,0,164,81,99,0,99,2,0,2,0,0,0,0,0,0,0.6158536585,0,0.6158536585
04/11/2023,258,0,258,132,93,0,93,3,0,3,0,0,0,0,0,0,0.3720930233,0,0.3720930233
04/12/2023,189,0,189,95,47,0,47,0,0,0,0,0,0,0,0,0,0.2486772487,0,0.2486772487
04/13/2023,226,0,226,92,39,0,39,1,0,1,0,0,0,0,0,0,0.1769911504,0,0.1769911504
04/14/2023,171,0,171,59,87,0,87,1,0,1,0,0,0,0,0,0,0.514619883,0,0.514619883
04/15/2023,105,0,105,56,19,0,19,1,0,1,0,0,0,0,0,0,0.1904761905,0,0.1904761905
04/16/2023,121,0,121,54,33,0,33,1,0,1,0,0,0,0,0,0,0.2809917355,0,0.2809917355
04/17/2023,226,0,226,71,65,0,65,2,0,2,0,0,0,0,0,0,0.296460177,0,0.296460177
04/18/2023,137,0,137,53,22,0,22,4,0,4,0,0,0,0,0,0,0.1897810219,0,0.1897810219
04/19/2023,322,0,322,182,11,0,11,13,0,13,0,0,0,3,0,3,0.08385093168,0,0.08385093168
04/20/2023,216,0,216,98,15,0,15,3,0,3,0,0,0,3,0,3,0.09722222222,0,0.09722222222
04/21/2023,1274,0,1274,559,1826,0,1826,20,0,20,2,0,2,0,0,0,1.450549451,0,1.450549451
04/22/2023,334,0,334,161,357,0,357,2,0,2,0,0,0,0,0,0,1.074850299,0,1.074850299
04/23/2023,251,0,251,108,114,0,114,1,0,1,0,0,0,0,0,0,0.4581673307,0,0.4581673307
04/24/2023,233,0,233,130,139,0,139,2,0,2,0,0,0,0,0,0,0.6051502146,0,0.6051502146
04/25/2023,209,0,209,83,78,0,78,3,0,3,0,0,0,0,0,0,0.3875598086,0,0.3875598086
04/26/2023,149,0,149,54,44,0,44,3,0,3,0,0,0,0,0,0,0.3154362416,0,0.3154362416
04/27/2023,123,0,123,42,34,0,34,1,0,1,0,0,0,0,0,0,0.2845528455,0,0.2845528455
04/28/2023,537,0,537,295,122,0,122,20,0,20,3,0,3,0,0,0,0.270018622,0,0.270018622
04/29/2023,300,0,300,147,155,0,155,7,0,7,0,0,0,0,0,0,0.54,0,0.54
04/30/2023,133,0,133,73,38,0,38,0,0,0,0,0,0,0,0,0,0.2857142857,0,0.2857142857
05/01/2023,190,0,190,82,140,0,140,1,0,1,0,0,0,0,0,0,0.7421052632,0,0.7421052632
05/02/2023,524,0,524,237,94,0,94,5,0,5,0,0,0,0,0,0,0.1889312977,0,0.1889312977
05/03/2023,228,0,228,118,26,0,26,5,0,5,1,0,1,1,0,1,0.1447368421,0,0.1447368421
05/04/2023,169,0,169,94,57,0,57,5,0,5,0,0,0,0,0,0,0.3668639053,0,0.3668639053
05/05/2023,790,0,790,460,144,0,144,26,0,26,3,0,3,1,0,1,0.2202531646,0,0.2202531646
05/06/2023,208,0,208,135,68,0,68,3,0,3,0,0,0,0,0,0,0.3413461538,0,0.3413461538
05/07/2023,233,0,233,112,118,0,118,1,0,1,0,0,0,0,0,0,0.5107296137,0,0.5107296137
05/08/2023,1190,0,1190,662,223,0,223,21,0,21,1,0,1,2,0,2,0.2075630252,0,0.2075630252
05/09/2023,1057,0,1057,491,67,0,67,19,0,19,0,0,0,0,0,0,0.08136234626,0,0.08136234626
05/10/2023,362,0,362,180,47,0,47,17,0,17,1,0,1,2,0,2,0.1850828729,0,0.1850828729
05/11/2023,186,0,186,117,8,0,8,4,0,4,0,0,0,0,0,0,0.06451612903,0,0.06451612903
05/12/2023,373,0,373,153,37,0,37,7,0,7,2,0,2,1,0,1,0.1260053619,0,0.1260053619
05/13/2023,99,0,99,60,4,0,4,2,0,2,0,0,0,0,0,0,0.06060606061,0,0.06060606061
05/14/2023,82,0,82,47,25,0,25,0,0,0,0,0,0,0,0,0,0.3048780488,0,0.3048780488
05/15/2023,130,0,130,66,6,0,6,0,0,0,0,0,0,0,0,0,0.04615384615,0,0.04615384615
05/16/2023,1512,0,1512,973,37,0,37,36,0,36,2,0,2,2,0,2,0.05092592593,0,0.05092592593
05/17/2023,317,0,317,176,6,0,6,16,0,16,0,0,0,0,0,0,0.06940063091,0,0.06940063091
05/18/2023,333,0,333,101,24,0,24,4,0,4,0,0,0,0,0,0,0.08408408408,0,0.08408408408
05/19/2023,1071,0,1071,608,283,0,283,39,0,39,0,0,0,1,0,1,0.3015873016,0,0.3015873016
05/20/2023,313,0,313,171,147,0,147,6,0,6,0,0,0,0,0,0,0.4888178914,0,0.4888178914
05/21/2023,311,0,311,127,80,0,80,4,0,4,0,0,0,0,0,0,0.270096463,0,0.270096463
05/22/2023,295,0,295,166,27,0,27,1,0,1,0,0,0,0,0,0,0.09491525424,0,0.09491525424
05/23/2023,924,0,924,606,13,0,13,18,0,18,1,0,1,0,0,0,0.03463203463,0,0.03463203463
05/24/2023,601,0,601,367,13,0,13,18,0,18,2,0,2,4,0,4,0.0615640599,0,0.0615640599
05/25/2023,236,0,236,152,6,0,6,7,0,7,0,0,0,0,0,0,0.05508474576,0,0.05508474576
05/26/2023,1295,0,1295,857,52,0,52,31,0,31,1,0,1,7,0,7,0.07027027027,0,0.07027027027
05/27/2023,326,0,326,239,7,0,7,2,0,2,0,0,0,0,0,0,0.02760736196,0,0.02760736196
05/28/2023,389,0,389,222,84,0,84,3,0,3,0,0,0,0,0,0,0.2236503856,0,0.2236503856
05/29/2023,1548,0,1548,992,43,0,43,21,0,21,0,0,0,1,0,1,0.04198966408,0,0.04198966408
05/30/2023,439,0,439,280,59,0,59,7,0,7,0,0,0,0,0,0,0.1503416856,0,0.1503416856
05/31/2023,333,0,333,147,34,0,34,0,0,0,0,0,0,0,0,0,0.1021021021,0,0.1021021021
06/01/2023,199,0,199,117,23,0,23,0,0,0,0,0,0,0,0,0,0.1155778894,0,0.1155778894
06/02/2023,574,0,574,327,16,0,16,25,0,25,1,0,1,2,0,2,0.07665505226,0,0.07665505226
06/03/2023,139,0,139,86,3,0,3,2,0,2,0,0,0,0,0,0,0.03597122302,0,0.03597122302
06/04/2023,130,0,130,92,16,0,16,0,0,0,0,0,0,0,0,0,0.1230769231,0,0.1230769231
06/05/2023,1365,0,1365,713,24,0,24,37,0,37,4,0,4,2,0,2,0.04908424908,0,0.04908424908
06/06/2023,382,0,382,253,10,0,10,4,0,4,1,0,1,0,0,0,0.03926701571,0,0.03926701571
06/07/2023,533,0,533,223,22,0,22,5,0,5,1,0,1,2,0,2,0.05628517824,0,0.05628517824
06/08/2023,259,0,259,162,6,0,6,2,0,2,0,0,0,0,0,0,0.03088803089,0,0.03088803089
06/09/2023,995,0,995,567,390,0,390,29,0,29,3,0,3,1,0,1,0.4251256281,0,0.4251256281
06/10/2023,331,0,331,184,164,0,164,3,0,3,0,0,0,0,0,0,0.5045317221,0,0.5045317221
06/11/2023,229,0,229,155,70,0,70,4,0,4,1,0,1,0,0,0,0.327510917,0,0.327510917
06/12/2023,423,0,423,277,121,0,121,14,0,14,0,0,0,0,0,0,0.3191489362,0,0.3191489362
06/13/2023,498,0,498,228,57,0,57,5,0,5,0,0,0,0,0,0,0.124497992,0,0.124497992
06/14/2023,3028,0,3028,2142,63,0,63,31,0,31,0,0,0,5,0,5,0.03269484808,0,0.03269484808
06/15/2023,585,0,585,439,9,0,9,7,0,7,0,0,0,0,0,0,0.02735042735,0,0.02735042735
06/16/2023,1094,0,1094,561,354,0,354,22,0,22,0,0,0,2,0,2,0.3455210238,0,0.3455210238
06/17/2023,340,0,340,242,80,0,80,3,0,3,0,0,0,0,0,0,0.2441176471,0,0.2441176471
06/18/2023,221,0,221,187,27,0,27,5,0,5,0,0,0,0,0,0,0.1447963801,0,0.1447963801
06/19/2023,354,0,354,158,55,0,55,2,0,2,0,0,0,1,0,1,0.1638418079,0,0.1638418079
06/20/2023,711,0,711,411,49,0,49,25,0,25,12,0,12,1,0,1,0.1223628692,0,0.1223628692
06/21/2023,678,0,678,294,29,0,29,18,0,18,4,0,4,1,0,1,0.07669616519,0,0.07669616519
06/22/2023,289,0,289,155,6,0,6,11,0,11,0,0,0,1,0,1,0.06228373702,0,0.06228373702
06/23/2023,126,0,126,65,2,0,2,1,0,1,1,0,1,0,0,0,0.03174603175,0,0.03174603175
06/24/2023,104,0,104,76,2,0,2,1,0,1,0,0,0,0,0,0,0.02884615385,0,0.02884615385
06/25/2023,119,0,119,74,19,0,19,1,0,1,0,0,0,0,0,0,0.1680672269,0,0.1680672269
06/26/2023,216,0,216,107,2,0,2,1,0,1,0,0,0,0,0,0,0.01388888889,0,0.01388888889
06/27/2023,101,0,101,70,4,0,4,0,0,0,0,0,0,0,0,0,0.0396039604,0,0.0396039604
06/28/2023,237,0,237,171,6,0,6,7,0,7,0,0,0,1,0,1,0.05907172996,0,0.05907172996
06/29/2023,228,0,228,102,0,0,0,4,0,4,1,0,1,1,0,1,0.02631578947,0,0.02631578947
06/30/2023,324,0,324,187,24,0,24,8,0,8,3,0,3,2,0,2,0.1141975309,0,0.1141975309
07/01/2023,175,0,175,129,3,0,3,4,0,4,1,0,1,0,0,0,0.04571428571,0,0.04571428571
07/02/2023,123,0,123,82,14,0,14,1,0,1,0,0,0,0,0,0,0.1219512195,0,0.1219512195
07/03/2023,134,0,134,94,5,0,5,1,0,1,0,0,0,0,0,0,0.0447761194,0,0.0447761194
07/04/2023,127,0,127,82,14,0,14,2,0,2,0,0,0,0,0,0,0.125984252,0,0.125984252
07/05/2023,223,0,223,116,36,0,36,3,0,3,1,0,1,1,0,1,0.1838565022,0,0.1838565022
07/06/2023,586,0,586,289,24,0,24,16,0,16,0,0,0,7,0,7,0.08020477816,0,0.08020477816
07/07/2023,196,0,196,84,34,0,34,5,0,5,0,0,0,1,0,1,0.2040816327,0,0.2040816327
07/08/2023,54,0,54,31,0,0,0,0,0,0,0,0,0,0,0,0,0,0,0
07/09/2023,81,0,81,37,15,0,15,1,0,1,0,0,0,0,0,0,0.1975308642,0,0.1975308642
07/10/2023,79,0,79,59,2,0,2,1,0,1,0,0,0,0,0,0,0.03797468354,0,0.03797468354
07/11/2023,96,0,96,52,5,0,5,3,0,3,0,0,0,0,0,0,0.08333333333,0,0.08333333333
07/12/2023,135,0,135,72,17,0,17,0,0,0,0,0,0,0,0,0,0.1259259259,0,0.1259259259
07/13/2023,107,0,107,51,11,0,11,1,0,1,0,0,0,0,0,0,0.1121495327,0,0.1121495327
07/14/2023,65,0,65,34,1,0,1,1,0,1,0,0,0,0,0,0,0.03076923077,0,0.03076923077
07/15/2023,41,0,41,24,5,0,5,0,0,0,0,0,0,0,0,0,0.1219512195,0,0.1219512195
07/16/2023,36,0,36,27,3,0,3,1,0,1,0,0,0,0,0,0,0.1111111111,0,0.1111111111
07/17/2023,65,0,65,46,0,0,0,0,0,0,0,0,0,0,0,0,0,0,0
07/18/2023,42,0,42,27,0,0,0,0,0,0,0,0,0,0,0,0,0,0,0
07/19/2023,34,0,34,20,2,0,2,1,0,1,0,0,0,0,0,0,0.08823529412,0,0.08823529412
07/20/2023,43,0,43,21,0,0,0,0,0,0,0,0,0,0,0,0,0,0,0
07/21/2023,29,0,29,16,0,0,0,0,0,0,0,0,0,0,0,0,0,0,0
07/22/2023,22,0,22,15,0,0,0,0,0,0,0,0,0,0,0,0,0,0,0
07/23/2023,10,0,10,10,0,0,0,0,0,0,0,0,0,0,0,0,0,0,0
07/24/2023,479,0,479,245,6,0,6,12,0,12,0,0,0,0,0,0,0.0375782881,0,0.0375782881
07/25/2023,87,0,87,64,0,0,0,0,0,0,0,0,0,0,0,0,0,0,0
07/26/2023,58,0,58,39,0,0,0,1,0,1,0,0,0,0,0,0,0.01724137931,0,0.01724137931
07/27/2023,39,0,39,22,0,0,0,0,0,0,0,0,0,0,0,0,0,0,0
07/28/2023,49,0,49,32,0,0,0,3,0,3,0,0,0,0,0,0,0.0612244898,0,0.0612244898
07/29/2023,20,0,20,18,0,0,0,0,0,0,0,0,0,0,0,0,0,0,0
07/30/2023,28,0,28,18,0,0,0,1,0,1,0,0,0,0,0,0,0.03571428571,0,0.03571428571
07/31/2023,22,0,22,16,0,0,0,1,0,1,0,0,0,0,0,0,0.04545454545,0,0.04545454545
08/01/2023,27,0,27,11,1,0,1,1,0,1,0,0,0,0,0,0,0.07407407407,0,0.07407407407
08/02/2023,56,0,56,14,0,0,0,-2,0,-2,0,0,0,0,0,0,-0.03571428571,0,-0.03571428571
08/03/2023,59,0,59,9,1,0,1,0,0,0,0,0,0,0,0,0,0.01694915254,0,0.01694915254
08/04/2023,57,0,57,7,12,0,12,0,0,0,0,0,0,0,0,0,0.2105263158,0,0.2105263158
08/05/2023,22,0,22,15,0,0,0,1,0,1,0,0,0,0,0,0,0.04545454545,0,0.04545454545
08/06/2023,26,0,26,14,0,0,0,0,0,0,0,0,0,0,0,0,0,0,0
08/07/2023,618,0,618,372,15,0,15,8,0,8,0,0,0,1,0,1,0.03883495146,0,0.03883495146
08/08/2023,178,0,178,118,3,0,3,1,0,1,0,0,0,0,0,0,0.02247191011,0,0.02247191011
08/09/2023,148,0,148,75,2,0,2,1,0,1,2,0,2,0,0,0,0.03378378378,0,0.03378378378
08/10/2023,160,0,160,106,2,0,2,1,0,1,2,0,2,0,0,0,0.03125,0,0.03125
08/11/2023,147,0,147,75,1,0,1,1,0,1,1,0,1,0,0,0,0.02040816327,0,0.02040816327
08/12/2023,168,0,168,66,12,0,12,4,0,4,3,0,3,1,0,1,0.119047619,0,0.119047619
08/13/2023,73,0,73,60,1,0,1,0,0,0,0,0,0,0,0,0,0.01369863014,0,0.01369863014
08/14/2023,137,0,137,83,2,0,2,2,0,2,0,0,0,0,0,0,0.02919708029,0,0.02919708029
08/15/2023,210,0,210,62,2,0,2,1,0,1,0,0,0,0,0,0,0.01428571429,0,0.01428571429
08/16/2023,122,0,122,60,1,0,1,2,0,2,0,0,0,0,0,0,0.02459016393,0,0.02459016393
08/17/2023,66,0,66,41,0,0,0,0,0,0,0,0,0,0,0,0,0,0,0
08/18/2023,89,0,89,48,16,0,16,0,0,0,0,0,0,0,0,0,0.1797752809,0,0.1797752809
08/19/2023,35,0,35,30,0,0,0,0,0,0,0,0,0,0,0,0,0,0,0
08/20/2023,80,0,80,39,7,0,7,0,0,0,0,0,0,0,0,0,0.0875,0,0.0875
08/21/2023,435,0,435,255,21,0,21,18,0,18,1,0,1,6,0,6,0.1057471264,0,0.1057471264
08/22/2023,129,0,129,76,10,0,10,5,0,5,0,0,0,0,0,0,0.1162790698,0,0.1162790698
08/23/2023,581,0,581,304,23,0,23,15,0,15,0,0,0,0,0,0,0.06540447504,0,0.06540447504
08/24/2023,232,0,232,135,8,0,8,5,0,5,0,0,0,3,0,3,0.06896551724,0,0.06896551724
08/25/2023,289,0,289,105,2,0,2,2,0,2,0,0,0,0,0,0,0.01384083045,0,0.01384083045
08/26/2023,79,0,79,54,2,0,2,2,0,2,0,0,0,0,0,0,0.05063291139,0,0.05063291139
08/27/2023,69,0,69,48,2,0,2,3,0,3,0,0,0,0,0,0,0.07246376812,0,0.07246376812
08/28/2023,776,0,776,463,15,0,15,47,0,47,2,0,2,0,0,0,0.0824742268,0,0.0824742268
08/29/2023,783,0,783,455,9,0,9,26,0,26,1,0,1,0,0,0,0.04597701149,0,0.04597701149
08/30/2023,204,0,204,50,7,0,7,7,0,7,3,0,3,0,0,0,0.08333333333,0,0.08333333333
08/31/2023,125,0,125,46,5,0,5,9,0,9,1,0,1,0,0,0,0.12,0,0.12
09/01/2023,361,0,361,199,0,0,0,12,0,12,0,0,0,1,0,1,0.03601108033,0,0.03601108033
09/02/2023,108,0,108,56,2,0,2,7,0,7,0,0,0,0,0,0,0.08333333333,0,0.08333333333
09/03/2023,163,0,163,129,2,0,2,2,0,2,0,0,0,0,0,0,0.0245398773,0,0.0245398773
09/04/2023,811,0,811,502,15,0,15,17,0,17,1,0,1,1,0,1,0.04192355117,0,0.04192355117
09/05/2023,394,0,394,201,4,0,4,7,0,7,0,0,0,0,0,0,0.02791878173,0,0.02791878173
09/06/2023,212,0,212,139,1,0,1,2,0,2,1,0,1,0,0,0,0.01886792453,0,0.01886792453
09/07/2023,240,0,240,102,0,0,0,1,0,1,0,0,0,0,0,0,0.004166666667,0,0.004166666667
09/08/2023,330,0,330,81,1,0,1,3,0,3,0,0,0,2,0,2,0.01818181818,0,0.01818181818
09/09/2023,98,0,98,59,1,0,1,2,0,2,0,0,0,0,0,0,0.0306122449,0,0.0306122449
09/10/2023,94,0,94,69,2,0,2,1,0,1,0,0,0,0,0,0,0.03191489362,0,0.03191489362
09/11/2023,1041,0,1041,677,18,0,18,23,0,23,0,0,0,1,0,1,0.04034582133,0,0.04034582133
09/12/2023,209,0,209,140,15,0,15,5,0,5,0,0,0,0,0,0,0.0956937799,0,0.0956937799
09/13/2023,118,0,118,87,0,0,0,5,0,5,0,0,0,0,0,0,0.04237288136,0,0.04237288136
09/14/2023,161,0,161,80,10,0,10,1,0,1,0,0,0,0,0,0,0.06832298137,0,0.06832298137
09/15/2023,291,0,291,206,0,0,0,7,0,7,0,0,0,0,0,0,0.02405498282,0,0.02405498282
09/16/2023,88,0,88,70,1,0,1,2,0,2,0,0,0,0,0,0,0.03409090909,0,0.03409090909
09/17/2023,90,0,90,63,1,0,1,2,0,2,0,0,0,0,0,0,0.03333333333,0,0.03333333333
09/18/2023,1036,0,1036,506,16,0,16,25,0,25,0,0,0,2,0,2,0.04150579151,0,0.04150579151
09/19/2023,201,0,201,118,2,0,2,3,0,3,0,0,0,0,0,0,0.02487562189,0,0.02487562189
09/20/2023,180,0,180,97,0,0,0,6,0,6,0,0,0,0,0,0,0.03333333333,0,0.03333333333
09/21/2023,77,0,77,56,0,0,0,2,0,2,0,0,0,0,0,0,0.02597402597,0,0.02597402597
09/22/2023,252,0,252,75,2,0,2,1,0,1,0,0,0,0,0,0,0.0119047619,0,0.0119047619
09/23/2023,70,0,70,54,1,0,1,0,0,0,0,0,0,0,0,0,0.01428571429,0,0.01428571429
09/24/2023,112,0,112,83,0,0,0,1,0,1,0,0,0,0,0,0,0.008928571429,0,0.008928571429
09/25/2023,219,0,219,75,3,0,3,3,0,3,0,0,0,0,0,0,0.02739726027,0,0.02739726027
09/26/2023,103,0,103,51,4,0,4,1,0,1,0,0,0,0,0,0,0.04854368932,0,0.04854368932
09/27/2023,1225,0,1225,775,16,0,16,31,0,31,2,0,2,1,0,1,0.04081632653,0,0.04081632653
09/28/2023,473,0,473,281,6,0,6,6,0,6,1,0,1,0,0,0,0.02748414376,0,0.02748414376
09/29/2023,212,0,212,125,6,0,6,3,0,3,0,0,0,0,0,0,0.04245283019,0,0.04245283019
09/30/2023,108,0,108,92,1,0,1,2,0,2,0,0,0,0,0,0,0.02777777778,0,0.02777777778
10/01/2023,139,0,139,106,1,0,1,4,0,4,0,0,0,0,0,0,0.03597122302,0,0.03597122302
10/02/2023,153,0,153,94,2,0,2,1,0,1,0,0,0,0,0,0,0.01960784314,0,0.01960784314
10/03/2023,99,0,99,61,0,0,0,2,0,2,0,0,0,0,0,0,0.0202020202,0,0.0202020202
10/04/2023,540,0,540,332,9,0,9,15,0,15,0,0,0,1,0,1,0.0462962963,0,0.0462962963
10/05/2023,305,0,305,163,2,0,2,6,0,6,0,0,0,0,0,0,0.0262295082,0,0.0262295082
10/06/2023,185,0,185,101,3,0,3,3,0,3,0,0,0,0,0,0,0.03243243243,0,0.03243243243
10/07/2023,81,0,81,60,1,0,1,0,0,0,0,0,0,0,0,0,0.01234567901,0,0.01234567901
10/08/2023,64,0,64,40,0,0,0,1,0,1,0,0,0,0,0,0,0.015625,0,0.015625
10/09/2023,381,0,381,240,0,0,0,5,0,5,0,0,0,0,0,0,0.01312335958,0,0.01312335958
10/10/2023,172,0,172,104,12,0,12,0,0,0,0,0,0,0,0,0,0.06976744186,0,0.06976744186
10/11/2023,766,0,766,511,8,0,8,15,0,15,2,0,2,0,0,0,0.03263707572,0,0.03263707572
10/12/2023,199,0,199,113,1,0,1,5,0,5,0,0,0,0,0,0,0.03015075377,0,0.03015075377
10/13/2023,99,0,99,69,1,0,1,1,0,1,0,0,0,0,0,0,0.0202020202,0,0.0202020202
10/14/2023,64,0,64,47,2,0,2,2,0,2,0,0,0,0,0,0,0.0625,0,0.0625
10/15/2023,45,0,45,36,0,0,0,0,0,0,0,0,0,0,0,0,0,0,0
10/16/2023,154,0,154,52,2,0,2,0,0,0,0,0,0,0,0,0,0.01298701299,0,0.01298701299
10/17/2023,73,0,73,39,2,0,2,0,0,0,0,0,0,0,0,0,0.02739726027,0,0.02739726027
10/18/2023,377,0,377,226,1,0,1,7,0,7,0,0,0,0,0,0,0.02122015915,0,0.02122015915
10/19/2023,115,0,115,63,0,0,0,4,0,4,0,0,0,0,0,0,0.0347826087,0,0.0347826087
10/20/2023,1364,0,1364,783,76,0,76,48,0,48,0,0,0,1,0,1,0.09164222874,0,0.09164222874
10/21/2023,564,0,564,355,37,0,37,10,0,10,1,0,1,0,0,0,0.08510638298,0,0.08510638298
10/22/2023,344,0,344,217,14,0,14,5,0,5,0,0,0,0,0,0,0.05523255814,0,0.05523255814
10/23/2023,345,0,345,225,13,0,13,1,0,1,0,0,0,1,0,1,0.04347826087,0,0.04347826087
10/24/2023,261,0,261,112,3,0,3,0,0,0,1,0,1,0,0,0,0.0153256705,0,0.0153256705
10/25/2023,1051,0,1051,767,4,0,4,36,0,36,0,0,0,1,0,1,0.03901046622,0,0.03901046622
10/26/2023,1831,0,1831,1311,56,0,56,52,0,52,8,0,8,1,0,1,0.06389950847,0,0.06389950847
10/27/2023,1047,0,1047,702,26,0,26,39,0,39,2,0,2,0,0,0,0.06399235912,0,0.06399235912
10/28/2023,432,0,432,336,34,0,34,17,0,17,0,0,0,0,0,0,0.1180555556,0,0.1180555556
10/29/2023,469,0,469,354,31,0,31,4,0,4,0,0,0,0,0,0,0.07462686567,0,0.07462686567
10/30/2023,700,0,700,403,14,0,14,8,0,8,0,0,0,0,0,0,0.03142857143,0,0.03142857143
10/31/2023,425,0,425,276,11,0,11,11,0,11,0,0,0,1,0,1,0.05411764706,0,0.05411764706
11/01/2023,744,0,744,463,2,0,2,25,0,25,0,0,0,2,0,2,0.03897849462,0,0.03897849462
11/02/2023,366,0,366,272,5,0,5,6,0,6,0,0,0,1,0,1,0.03278688525,0,0.03278688525
11/03/2023,700,0,700,379,8,0,8,15,0,15,0,0,0,0,0,0,0.03285714286,0,0.03285714286
11/04/2023,339,0,339,203,5,0,5,2,0,2,0,0,0,0,0,0,0.02064896755,0,0.02064896755
11/05/2023,478,0,478,240,21,0,21,2,0,2,0,0,0,0,0,0,0.04811715481,0,0.04811715481
11/06/2023,1992,0,1992,1080,251,0,251,31,0,31,0,0,0,0,0,0,0.1415662651,0,0.1415662651
11/07/2023,676,0,676,382,15,0,15,12,0,12,1,0,1,0,0,0,0.04142011834,0,0.04142011834
11/08/2023,689,0,689,398,5,0,5,13,0,13,1,0,1,0,0,0,0.02757619739,0,0.02757619739
11/09/2023,265,0,265,155,10,0,10,1,0,1,0,0,0,0,0,0,0.04150943396,0,0.04150943396
11/10/2023,225,0,225,113,16,0,16,3,0,3,0,0,0,0,0,0,0.08444444444,0,0.08444444444
11/11/2023,126,0,126,92,7,0,7,0,0,0,0,0,0,0,0,0,0.05555555556,0,0.05555555556
11/12/2023,117,0,117,80,6,0,6,1,0,1,0,0,0,0,0,0,0.05982905983,0,0.05982905983
11/13/2023,158,0,158,95,8,0,8,0,0,0,0,0,0,0,0,0,0.05063291139,0,0.05063291139
11/14/2023,111,0,111,60,5,0,5,0,0,0,0,0,0,0,0,0,0.04504504505,0,0.04504504505
11/15/2023,92,0,92,57,0,0,0,2,0,2,0,0,0,0,0,0,0.02173913043,0,0.02173913043
11/16/2023,489,0,489,327,16,0,16,20,0,20,0,0,0,0,0,0,0.0736196319,0,0.0736196319
11/17/2023,255,0,255,173,10,0,10,6,0,6,0,0,0,0,0,0,0.06274509804,0,0.06274509804
11/18/2023,164,0,164,109,7,0,7,3,0,3,0,0,0,0,0,0,0.06097560976,0,0.06097560976
11/19/2023,222,0,222,117,29,0,29,1,0,1,0,0,0,0,0,0,0.1351351351,0,0.1351351351
11/20/2023,350,0,350,138,7,0,7,8,0,8,0,0,0,0,0,0,0.04285714286,0,0.04285714286
11/21/2023,161,0,161,58,12,0,12,0,0,0,0,0,0,0,0,0,0.07453416149,0,0.07453416149
11/22/2023,493,0,493,206,62,0,62,9,0,9,4,0,4,1,0,1,0.154158215,0,0.154158215
11/23/2023,128,0,128,66,3,0,3,5,0,5,0,0,0,0,0,0,0.0625,0,0.0625
11/24/2023,499,0,499,265,15,0,15,23,0,23,0,0,0,0,0,0,0.07615230461,0,0.07615230461
11/25/2023,109,0,109,64,1,0,1,5,0,5,0,0,0,0,0,0,0.05504587156,0,0.05504587156
11/26/2023,106,0,106,62,2,0,2,6,0,6,0,0,0,0,0,0,0.07547169811,0,0.07547169811
11/27/2023,192,0,192,75,1,0,1,3,0,3,0,0,0,0,0,0,0.02083333333,0,0.02083333333
11/28/2023,152,0,152,50,5,0,5,8,0,8,0,0,0,0,0,0,0.08552631579,0,0.08552631579
11/29/2023,59,0,59,37,0,0,0,2,0,2,0,0,0,0,0,0,0.03389830508,0,0.03389830508
11/30/2023,111,0,111,31,0,0,0,1,0,1,0,0,0,0,0,0,0.009009009009,0,0.009009009009
12/01/2023,268,0,268,150,0,0,0,1,0,1,0,0,0,0,0,0,0.003731343284,0,0.003731343284
12/02/2023,50,0,50,36,0,0,0,0,0,0,0,0,0,0,0,0,0,0,0
12/03/2023,82,0,82,28,3,0,3,1,0,1,0,0,0,0,0,0,0.0487804878,0,0.0487804878
12/04/2023,119,0,119,40,4,0,4,0,0,0,0,0,0,0,0,0,0.03361344538,0,0.03361344538
12/05/2023,110,0,110,29,1,0,1,0,0,0,0,0,0,0,0,0,0.009090909091,0,0.009090909091
12/06/2023,44,0,44,27,0,0,0,1,0,1,0,0,0,0,0,0,0.02272727273,0,0.02272727273
12/07/2023,58,0,58,25,1,0,1,4,0,4,0,0,0,0,0,0,0.08620689655,0,0.08620689655
12/08/2023,408,0,408,184,45,0,45,8,0,8,0,0,0,0,0,0,0.1299019608,0,0.1299019608
12/09/2023,149,0,149,70,18,0,18,0,0,0,0,0,0,0,0,0,0.1208053691,0,0.1208053691
12/10/2023,74,0,74,45,1,0,1,2,0,2,0,0,0,0,0,0,0.04054054054,0,0.04054054054
12/11/2023,99,0,99,58,3,0,3,0,0,0,0,0,0,0,0,0,0.0303030303,0,0.0303030303
12/12/2023,58,0,58,35,1,0,1,1,0,1,0,0,0,0,0,0,0.03448275862,0,0.03448275862
12/13/2023,77,0,77,28,0,0,0,0,0,0,0,0,0,0,0,0,0,0,0
12/14/2023,80,0,80,13,15,0,15,0,0,0,0,0,0,0,0,0,0.1875,0,0.1875
12/15/2023,415,0,415,319,4,0,4,36,0,36,0,0,0,0,0,0,0.09638554217,0,0.09638554217
12/16/2023,105,0,105,75,5,0,5,4,0,4,0,0,0,0,0,0,0.08571428571,0,0.08571428571
12/17/2023,127,0,127,86,7,0,7,4,0,4,0,0,0,0,0,0,0.08661417323,0,0.08661417323
12/18/2023,136,0,136,109,7,0,7,6,0,6,0,0,0,0,0,0,0.09558823529,0,0.09558823529
12/19/2023,18,0,18,17,2,0,2,34,0,34,0,0,0,0,0,0,2,0,2
12/20/2023,60,0,60,51,2,0,2,1,0,1,0,0,0,0,0,0,0.05,0,0.05
12/21/2023,123,0,123,90,2,0,2,1,0,1,0,0,0,0,0,0,0.0243902439,0,0.0243902439
12/22/2023,588,0,588,391,22,0,22,14,0,14,0,0,0,0,0,0,0.0612244898,0,0.0612244898
12/23/2023,139,0,139,109,4,0,4,1,0,1,0,0,0,0,0,0,0.03597122302,0,0.03597122302
12/24/2023,107,0,107,56,10,0,10,0,0,0,0,0,0,0,0,0,0.09345794393,0,0.09345794393
12/25/2023,103,0,103,74,0,0,0,0,0,0,0,0,0,0,0,0,0,0,0
12/26/2023,117,0,117,64,4,0,4,0,0,0,0,0,0,0,0,0,0.03418803419,0,0.03418803419
12/27/2023,82,0,82,58,0,0,0,2,0,2,0,0,0,0,0,0,0.0243902439,0,0.0243902439
12/28/2023,70,0,70,20,0,0,0,2,0,2,0,0,0,0,0,0,0.02857142857,0,0.02857142857
12/29/2023,40,0,40,10,0,0,0,2,0,2,0,0,0,0,0,0,0.05,0,0.05
12/30/2023,18,0,18,6,0,0,0,0,0,0,0,0,0,0,0,0,0,0,0
12/31/2023,80,0,80,20,2,0,2,2,0,2,0,0,0,0,0,0,0.05,0,0.05
01/01/2024,652,0,652,182,10,0,10,46,0,46,0,0,0,0,0,0,0.08588957055,0,0.08588957055
01/02/2024,456,0,456,99,12,0,12,12,0,12,0,0,0,0,0,0,0.05263157895,0,0.05263157895
01/03/2024,193,0,193,102,4,0,4,0,0,0,0,0,0,0,0,0,0.0207253886,0,0.0207253886
01/04/2024,168,0,168,96,8,0,8,2,0,2,0,0,0,0,0,0,0.05952380952,0,0.05952380952
01/05/2024,95,0,95,48,2,0,2,1,0,1,0,0,0,0,0,0,0.03157894737,0,0.03157894737
01/06/2024,38,0,38,27,4,0,4,0,0,0,0,0,0,0,0,0,0.1052631579,0,0.1052631579
01/07/2024,61,0,61,38,1,0,1,0,0,0,0,0,0,0,0,0,0.01639344262,0,0.01639344262
01/08/2024,112,0,112,42,2,0,2,1,0,1,0,0,0,0,0,0,0.02678571429,0,0.02678571429
01/09/2024,69,0,69,27,0,0,0,0,0,0,0,0,0,0,0,0,0,0,0
01/10/2024,54,0,54,35,0,0,0,0,0,0,0,0,0,0,0,0,0,0,0
01/11/2024,329,0,329,199,12,0,12,8,0,8,0,0,0,0,0,0,0.06079027356,0,0.06079027356
01/12/2024,58,0,58,44,3,0,3,1,0,1,0,0,0,0,0,0,0.06896551724,0,0.06896551724
01/13/2024,64,0,64,41,1,0,1,0,0,0,0,0,0,0,0,0,0.015625,0,0.015625
01/14/2024,55,0,55,44,0,0,0,0,0,0,0,0,0,0,0,0,0,0,0
01/15/2024,493,0,493,255,23,0,23,8,0,8,0,0,0,2,0,2,0.06693711968,0,0.06693711968
01/16/2024,81,0,81,58,1,0,1,2,0,2,0,0,0,0,0,0,0.03703703704,0,0.03703703704
01/17/2024,71,0,71,45,0,0,0,0,0,0,0,0,0,0,0,0,0,0,0
01/18/2024,39,0,39,24,0,0,0,1,0,1,0,0,0,0,0,0,0.02564102564,0,0.02564102564
01/19/2024,333,0,333,234,8,0,8,3,0,3,0,0,0,0,0,0,0.03303303303,0,0.03303303303
01/20/2024,111,0,111,76,4,0,4,0,0,0,0,0,0,0,0,0,0.03603603604,0,0.03603603604
01/21/2024,81,0,81,58,1,0,1,0,0,0,0,0,0,0,0,0,0.01234567901,0,0.01234567901
01/22/2024,81,0,81,57,2,0,2,0,0,0,0,0,0,0,0,0,0.02469135802,0,0.02469135802
01/23/2024,49,0,49,37,0,0,0,0,0,0,0,0,0,0,0,0,0,0,0
01/24/2024,91,0,91,35,3,0,3,3,0,3,0,0,0,0,0,0,0.06593406593,0,0.06593406593
01/25/2024,676,0,676,347,9,0,9,24,0,24,0,0,0,2,0,2,0.05177514793,0,0.05177514793
01/26/2024,95,0,95,61,2,0,2,1,0,1,0,0,0,0,0,0,0.03157894737,0,0.03157894737
01/27/2024,61,0,61,42,0,0,0,1,0,1,0,0,0,0,0,0,0.01639344262,0,0.01639344262
01/28/2024,116,0,116,83,6,0,6,1,0,1,0,0,0,0,0,0,0.06034482759,0,0.06034482759
01/29/2024,117,0,117,66,1,0,1,0,0,0,0,0,0,0,0,0,0.008547008547,0,0.008547008547
01/30/2024,414,0,414,245,10,0,10,21,0,21,0,0,0,1,0,1,0.07729468599,0,0.07729468599
01/31/2024,57,0,57,43,0,0,0,1,0,1,0,0,0,0,0,0,0.01754385965,0,0.01754385965
02/01/2024,65,0,65,45,0,0,0,0,0,0,0,0,0,0,0,0,0,0,0
02/02/2024,469,0,469,308,5,0,5,23,0,23,1,0,1,0,0,0,0.0618336887,0,0.0618336887
02/03/2024,149,0,149,104,7,0,7,1,0,1,0,0,0,0,0,0,0.05369127517,0,0.05369127517
02/04/2024,148,0,148,89,2,0,2,1,0,1,0,0,0,0,0,0,0.02027027027,0,0.02027027027
02/05/2024,202,0,202,101,1,0,1,1,0,1,0,0,0,0,0,0,0.009900990099,0,0.009900990099
02/06/2024,713,0,713,478,3,0,3,5,0,5,0,0,0,0,0,0,0.01122019635,0,0.01122019635
02/07/2024,475,0,475,321,4,0,4,9,0,9,0,0,0,0,0,0,0.02736842105,0,0.02736842105
02/08/2024,244,0,244,96,5,0,5,7,0,7,2,0,2,0,0,0,0.05737704918,0,0.05737704918
02/09/2024,752,0,752,464,18,0,18,23,0,23,0,0,0,0,0,0,0.0545212766,0,0.0545212766
02/10/2024,188,0,188,138,2,0,2,4,0,4,0,0,0,0,0,0,0.03191489362,0,0.03191489362
02/11/2024,170,0,170,108,1,0,1,3,0,3,0,0,0,0,0,0,0.02352941176,0,0.02352941176
02/12/2024,772,0,772,343,7,0,7,10,0,10,0,0,0,1,0,1,0.02331606218,0,0.02331606218
02/13/2024,1559,0,1559,1078,17,0,17,53,0,53,0,0,0,0,0,0,0.04490057729,0,0.04490057729
02/14/2024,715,0,715,435,11,0,11,17,0,17,0,0,0,1,0,1,0.04055944056,0,0.04055944056
02/15/2024,608,0,608,187,4,0,4,12,0,12,0,0,0,0,0,0,0.02631578947,0,0.02631578947
02/16/2024,1556,0,1556,509,50,0,50,36,0,36,6,0,6,0,0,0,0.05912596401,0,0.05912596401
02/17/2024,532,0,532,199,8,0,8,2,0,2,0,0,0,0,0,0,0.01879699248,0,0.01879699248
02/18/2024,512,0,512,183,8,0,8,2,0,2,0,0,0,0,0,0,0.01953125,0,0.01953125