"applications","connections","day","year","isoWeek","isoYear","isoYearIsoWeek","jobApplicationCandidateIds","month","pageviews","sessions","uniquePageviews"
1,0,8,2022,23,,202223,"[""29317342""]",6,6,2,
1,0,10,2021,36,,202136,"[""17544457""]",9,2,0,
0,0,21,2022,20,,202220,"[]",5,2,2,
3,0,7,2021,27,,202127,"[""15735806"",""15741426"",""15733687""]",7,3,0,
3,0,10,2022,6,,20226,"[""15283891"",""19840842"",""24680757""]",2,18,8,
0,0,7,2021,14,,202114,"[]",4,1,1,
0,0,10,2022,14,,202214,"[]",4,1,1,
1,0,1,2022,26,,202226,"[""30528392""]",7,1,1,
6,0,17,2021,50,,202150,"[""15315408"",""21569756"",""17743868"",""18014399"",""15531384"",""21550658""]",12,11,7,
4,0,1,2022,5,,20225,"[""23632888"",""24293055"",""20341282"",""24282351""]",2,8,1,
0,0,19,2021,37,,202137,"[]",9,1,0,
1,0,30,2022,22,,202222,"[""29195729""]",5,9,2,
2,0,5,2021,35,,202135,"[""17345759"",""17357155""]",9,2,0,
1,0,12,2022,19,,202219,"[""28412625""]",5,1,1,
2,0,10,2022,27,,202227,"[""30880769"",""30032486""]",7,6,4,
1,0,26,2021,30,,202130,"[""719536""]",7,1,0,
3,0,19,2022,16,,202216,"[""27530105"",""21345135"",""27510021""]",4,12,5,
1,0,24,2021,47,,202147,"[""20346540""]",11,3,1,
3,0,14,2022,11,,202211,"[""14494915"",""12419028"",""10237""]",3,11,4,
3,0,27,2022,12,,202212,"[""3052584"",""26575065"",""26574095""]",3,3,1,
1,0,8,2021,45,,202145,"[""19217484""]",11,4,3,
0,0,2,2021,13,,202113,"[]",4,6,1,
1,0,27,2022,4,,20224,"[""24102028""]",1,1,0,
1,0,9,2022,1,,20221,"[""23363523""]",1,1,1,
2,0,25,2021,16,,202116,"[""9630492"",""13927726""]",4,8,3,
0,0,9,2021,32,,202132,"[]",8,1,1,
2,0,22,2022,25,,202225,"[""30124104"",""30155041""]",6,2,2,
2,0,24,2021,12,,202112,"[""13113742"",""12623470""]",3,9,4,
3,0,28,2022,9,,20229,"[""25388981"",""77499"",""25394170""]",2,9,2,
2,0,5,2022,14,,202214,"[""15192262"",""26994518""]",4,5,1,
3,0,13,2022,24,,202224,"[""29806834"",""29776367"",""29793948""]",6,13,6,
1,0,7,2021,40,,202140,"[""4568063""]",10,2,1,
0,0,28,2022,17,,202217,"[]",4,1,1,
1,0,18,2021,33,,202133,"[""16834389""]",8,1,0,
1,0,4,2021,18,,202118,"[""12750164""]",5,2,0,
1,0,31,2021,52,,202152,"[""22835745""]",12,4,2,
2,0,18,2021,20,,202120,"[""14604208"",""3489178""]",5,3,1,
2,0,18,2022,3,,20223,"[""12047561"",""23716286""]",1,7,1,
0,0,17,2022,20,,202220,"[]",5,1,1,
1,0,3,2021,13,,202113,"[""12841550""]",4,2,1,
1,0,23,2021,20,,202120,"[""14715302""]",5,1,0,
1,0,14,2022,7,,20227,"[""651651""]",2,7,3,
2,0,9,2022,10,,202210,"[""25783888"",""18978607""]",3,4,1,
2,0,27,2022,26,,202226,"[""30273693"",""6180820""]",6,9,5,
0,0,6,2022,14,,202214,"[]",4,3,1,
2,0,5,2022,5,,20225,"[""24294786"",""24457871""]",2,3,1,
3,0,21,2021,51,,202151,"[""16841613"",""21658756"",""21678770""]",12,1,1,
1,0,12,2021,15,,202115,"[""13586559""]",4,1,1,
1,0,8,2022,18,,202218,"[""28224923""]",5,8,1,
2,0,23,2021,38,,202138,"[""17937787"",""17937578""]",9,4,0,
1,0,26,2022,21,,202221,"[""28985345""]",5,1,1,
1,0,30,2021,30,,202130,"[""16370822""]",7,2,0,
1,0,15,2022,15,,202215,"[""494469""]",4,1,1,
4,0,6,2022,27,,202227,"[""30723643"",""28327321"",""30742516"",""30741198""]",7,12,6,
5,0,18,2022,11,,202211,"[""26155912"",""26172355"",""26180175"",""26153084"",""26181425""]",3,15,5,
1,0,24,2021,25,,202125,"[""15465934""]",6,1,0,
0,0,11,2022,28,,202228,"[]",7,5,3,
2,0,23,2022,12,,202212,"[""25371092"",""25853084""]",3,5,2,
3,0,29,2021,13,,202113,"[""13252590"",""12065405"",""13250673""]",3,7,3,
0,0,23,2022,8,,20228,"[]",2,3,1,
2,0,15,2021,24,,202124,"[""13130160"",""9468062""]",6,1,0,
2,0,13,2022,2,,20222,"[""10714932"",""23550824""]",1,24,2,
1,0,21,2021,16,,202116,"[""13842071""]",4,8,4,
2,0,31,2022,5,,20225,"[""24231046"",""24230747""]",1,11,4,
0,0,5,2021,18,,202118,"[]",5,2,0,
1,0,18,2022,24,,202224,"[""29922330""]",6,1,0,
2,0,3,2022,18,,202218,"[""28022761"",""28017343""]",5,2,1,
1,0,6,2021,22,,202122,"[""15047720""]",6,1,0,
2,0,4,2022,9,,20229,"[""22789874"",""2128789""]",3,8,4,
1,0,12,2021,49,,202149,"[""21352535""]",12,3,1,
0,0,22,2021,33,,202133,"[]",8,1,0,
0,0,9,2022,23,,202223,"[]",6,7,2,
0,0,11,2021,41,,202141,"[]",10,4,0,
1,0,14,2021,19,,202119,"[""10144402""]",5,2,1,
2,0,22,2022,3,,20223,"[""11228389"",""23907177""]",1,4,1,
1,0,30,2021,17,,202117,"[""14088330""]",4,2,0,
3,0,4,2022,1,,20221,"[""15315408"",""12148929"",""23190210""]",1,10,6,
3,0,2,2022,5,,20225,"[""24307540"",""24331569"",""24338051""]",2,10,3,
1,0,18,2021,50,,202150,"[""17868319""]",12,7,3,
1,0,15,2021,15,,202115,"[""13662543""]",4,2,1,
3,0,13,2022,19,,202219,"[""15482804"",""28433831"",""28412625""]",5,8,5,
1,0,31,2022,22,,202222,"[""29232657""]",5,19,6,
1,0,27,2021,30,,202130,"[""14958618""]",7,2,0,
0,0,13,2021,41,,202141,"[]",10,2,1,
1,0,9,2022,27,,202227,"[""30858764""]",7,2,2,
1,0,29,2021,26,,202126,"[""15547543""]",6,2,0,
1,0,7,2022,23,,202223,"[""29516746""]",6,1,1,
1,0,20,2022,20,,202220,"[""28756622""]",5,9,8,
0,0,8,2021,14,,202114,"[]",4,1,0,
7,0,9,2022,6,,20226,"[""24470002"",""21345135"",""24637187"",""24569138"",""20431556"",""15280474"",""24621700""]",2,31,14,
1,0,6,2021,27,,202127,"[""15712861""]",7,1,0,
0,0,6,2022,9,,20229,"[]",3,2,0,
0,0,2,2022,26,,202226,"[]",7,1,1,
6,0,11,2022,15,,202215,"[""2684597"",""27238369"",""27234135"",""27262685"",""27224165"",""27227050""]",4,24,5,
1,0,25,2021,12,,202112,"[""10952187""]",3,1,0,
2,0,4,2022,14,,202214,"[""26720089"",""26098794""]",4,3,2,
2,0,29,2022,17,,202217,"[""27907031"",""25831418""]",4,2,1,
2,0,17,2021,33,,202133,"[""11802717"",""16818326""]",8,1,0,
2,0,14,2022,24,,202224,"[""29829613"",""29840399""]",6,6,3,
1,0,6,2021,40,,202140,"[""10556530""]",10,1,0,
1,0,17,2021,20,,202120,"[""14567958""]",5,2,1,
2,0,19,2022,3,,20223,"[""13085143"",""23768175""]",1,12,4,
2,0,3,2021,18,,202118,"[""14155337"",""14157462""]",5,1,1,
1,0,7,2021,44,,202144,"[""19600452""]",11,2,0,
1,0,28,2022,13,,202213,"[""26600799""]",3,13,6,
1,0,1,2021,13,,202113,"[""10187976""]",4,6,2,
0,0,26,2021,17,,202117,"[]",4,2,1,
0,0,21,2022,25,,202225,"[]",6,1,1,
0,0,6,2022,18,,202218,"[]",5,1,1,
0,0,22,2021,51,,202151,"[]",12,10,2,
0,0,11,2021,14,,202114,"[]",4,2,2,
1,0,31,2021,22,,202122,"[""14919266""]",5,2,0,
2,0,27,2022,21,,202221,"[""29035073"",""27129728""]",5,5,4,
1,0,9,2022,19,,202219,"[""28248948""]",5,2,1,
3,0,5,2022,27,,202227,"[""29907399"",""30699311"",""30663945""]",7,7,5,
1,0,14,2022,15,,202215,"[""27378326""]",4,7,5,
5,0,17,2022,11,,202211,"[""3771429"",""6156926"",""56616"",""3047865"",""26143804""]",3,47,30,
2,0,16,2022,20,,202220,"[""11741017"",""28520425""]",5,3,3,
1,0,1,2021,35,,202135,"[""12829896""]",9,1,0,
2,0,3,2022,22,,202222,"[""29373841"",""19759362""]",6,10,8,
1,0,24,2021,21,,202121,"[""14732695""]",5,1,0,
2,0,13,2022,6,,20226,"[""24813647"",""494469""]",2,6,2,
3,0,4,2021,13,,202113,"[""13382892"",""13380043"",""12909041""]",4,7,3,
3,0,29,2021,52,,202152,"[""15315408"",""22027405"",""22001418""]",12,5,4,
3,0,10,2022,10,,202210,"[""25831418"",""25827160"",""25853084""]",3,1,0,
1,0,7,2021,23,,202123,"[""15092740""]",6,1,0,
2,0,3,2022,9,,20229,"[""15544722"",""3145317""]",3,16,3,
1,0,4,2021,44,,202144,"[""19685513""]",11,1,0,
3,0,13,2021,28,,202128,"[""15336142"",""15933691"",""15947456""]",7,4,0,
2,0,10,2022,23,,202223,"[""29725382"",""29726173""]",6,2,2,
1,0,25,2022,17,,202217,"[""27725755""]",4,7,2,
0,0,29,2021,17,,202117,"[]",4,3,2,
2,0,5,2022,1,,20221,"[""21474183"",""21473468""]",1,8,4,
2,0,23,2022,3,,20223,"[""23926931"",""23915275""]",1,13,3,
3,0,24,2022,12,,202212,"[""26478042"",""26467150"",""26409894""]",3,13,3,
2,0,24,2022,8,,20228,"[""24950445"",""10416949""]",2,4,2,
2,0,14,2021,24,,202124,"[""10621838"",""15244465""]",6,2,0,
1,0,4,2021,48,,202148,"[""21068699""]",12,3,0,
0,0,28,2021,12,,202112,"[]",3,1,0,
1,0,6,2021,18,,202118,"[""14305731""]",5,1,0,
0,0,12,2022,2,,20222,"[]",1,1,1,
7,0,2,2022,18,,202218,"[""27999196"",""3668456"",""19002951"",""28003110"",""3444206"",""27978896"",""27966877""]",5,15,7,
1,0,17,2022,24,,202224,"[""29954837""]",6,6,4,
1,0,17,2022,7,,20227,"[""25004205""]",2,11,1,
2,0,21,2021,25,,202125,"[""15409095"",""15387871""]",6,1,0,
1,0,31,2021,13,,202113,"[""11544312""]",3,2,1,
1,0,19,2021,29,,202129,"[""12526444""]",7,3,0,
3,0,25,2022,12,,202212,"[""26526110"",""15482804"",""3412788""]",3,41,18,
1,0,5,2022,18,,202218,"[""16079390""]",5,9,2,
3,0,25,2022,4,,20224,"[""18012062"",""24003556"",""24018004""]",1,8,2,
4,0,11,2022,2,,20222,"[""11679238"",""23428802"",""23432560"",""23454284""]",1,7,2,
0,0,23,2021,16,,202116,"[]",4,2,1,
3,0,10,2021,49,,202149,"[""16079390"",""21323063"",""19861547""]",12,6,0,
3,0,12,2021,23,,202123,"[""15210547"",""15212207"",""15214202""]",6,2,1,
2,0,2,2021,17,,202117,"[""14118467"",""10582016""]",5,6,2,
1,0,2,2022,52,,202152,"[""23097805""]",1,8,1,
1,0,20,2021,20,,202120,"[""10681751""]",5,1,0,
2,0,16,2022,2,,20222,"[""23632888"",""12309533""]",1,22,7,
2,0,15,2022,24,,202224,"[""29887974"",""29871128""]",6,4,2,
1,0,26,2022,17,,202217,"[""644231""]",4,11,2,
1,0,20,2021,33,,202133,"[""2920339""]",8,1,0,
1,0,25,2021,21,,202121,"[""842575""]",5,1,0,
2,0,12,2022,6,,20226,"[""24746717"",""24782380""]",2,10,3,
1,0,24,2021,51,,202151,"[""1792737""]",12,3,0,
5,0,23,2022,21,,202221,"[""28840888"",""28832156"",""28834182"",""28821750"",""28569368""]",5,46,34,
2,0,25,2021,34,,202134,"[""17056173"",""17047641""]",8,1,0,
0,0,6,2022,23,,202223,"[]",6,2,2,
2,0,12,2022,15,,202215,"[""15192262"",""27140637""]",4,8,3,
3,0,29,2022,26,,202226,"[""30441498"",""30422662"",""30435019""]",6,5,3,
1,0,7,2022,10,,202210,"[""25654707""]",3,4,1,
2,0,28,2022,21,,202221,"[""29091136"",""29097024""]",5,2,1,
0,0,14,2022,19,,202219,"[]",5,1,1,
1,0,18,2021,15,,202115,"[""12152853""]",4,6,3,
1,0,3,2022,5,,20225,"[""24376204""]",2,3,1,
1,0,3,2021,22,,202122,"[""14995135""]",6,1,0,
1,0,16,2022,11,,202211,"[""26088374""]",3,5,3,
1,0,14,2021,41,,202141,"[""4597254""]",10,1,0,
1,0,8,2022,27,,202227,"[""30810196""]",7,4,4,
0,0,21,2022,16,,202216,"[]",4,1,0,
3,0,27,2021,12,,202112,"[""11718935"",""13194734"",""2554166""]",3,5,3,
2,0,21,2022,8,,20228,"[""25134255"",""25128430""]",2,2,2,
2,0,17,2021,24,,202124,"[""9619796"",""15319922""]",6,1,0,
2,0,21,2022,12,,202212,"[""26259829"",""430273""]",3,5,1,
0,0,20,2022,25,,202225,"[]",6,4,2,
0,0,1,2022,17,,202217,"[]",5,8,2,
0,0,15,2022,2,,20222,"[]",1,1,0,
1,0,29,2022,4,,20224,"[""24178230""]",1,5,1,
2,0,7,2021,18,,202118,"[""14330530"",""14327868""]",5,2,1,
3,0,30,2022,13,,202213,"[""26678431"",""26712123"",""26721083""]",3,7,2,
0,0,2,2022,9,,20229,"[]",3,3,3,
1,0,14,2021,50,,202150,"[""21440768""]",12,1,0,
3,0,20,2022,3,,20223,"[""23851613"",""23836092"",""18645522""]",1,13,8,
2,0,28,2021,17,,202117,"[""14006336"",""1240176""]",4,7,2,
2,0,6,2022,1,,20221,"[""23273022"",""23296980""]",1,4,1,
2,0,22,2022,16,,202216,"[""27643744"",""27656780""]",4,3,2,
0,0,24,2021,34,,202134,"[]",8,2,0,
0,0,11,2022,23,,202223,"[]",6,4,2,
2,0,9,2021,40,,202140,"[""18745026"",""16424744""]",10,3,1,
0,0,5,2021,14,,202114,"[]",4,1,0,
0,0,28,2021,52,,202152,"[]",12,2,1,
1,0,21,2021,20,,202120,"[""14691150""]",5,1,0,
1,0,16,2022,7,,20227,"[""13539778""]",2,6,2,
1,0,2,2022,22,,202222,"[""29324726""]",6,7,6,
3,0,19,2022,20,,202220,"[""28674138"",""28721977"",""28713569""]",5,13,8,
1,0,25,2022,25,,202225,"[""30245549""]",6,2,1,
5,0,8,2022,14,,202214,"[""2953691"",""21345135"",""26172355"",""24569138"",""27111564""]",4,37,12,
0,0,11,2022,10,,202210,"[]",3,5,2,
0,0,10,2022,19,,202219,"[]",5,1,1,
1,0,24,2022,21,,202221,"[""28871265""]",5,3,3,
2,0,7,2022,6,,20226,"[""24515227"",""11929478""]",2,3,1,
1,0,30,2021,21,,202121,"[""14752983""]",5,1,0,
1,0,19,2021,50,,202150,"[""15482804""]",12,3,0,
1,0,20,2022,11,,202211,"[""26213211""]",3,3,0,
1,0,22,2021,25,,202125,"[""15428620""]",6,1,0,
2,0,28,2021,30,,202130,"[""16205078"",""16317315""]",7,2,0,
1,0,17,2022,15,,202215,"[""27460496""]",4,3,1,
1,0,18,2021,42,,202142,"[""19041580""]",10,3,0,
2,0,4,2022,27,,202227,"[""2885950"",""30622957""]",7,5,3,
1,0,25,2022,8,,20228,"[""19493665""]",2,4,1,
12,0,23,2021,12,,202112,"[""12594350"",""13094977"",""13108418"",""11451540"",""3295262"",""11459122"",""1693118"",""13102989"",""13110183"",""10620758"",""2905857"",""12076990""]",3,36,25,
0,0,9,2021,49,,202149,"[]",12,3,2,
2,0,19,2021,20,,202120,"[""13017266"",""14607914""]",5,2,0,
1,0,17,2022,3,,20223,"[""23670995""]",1,9,4,
2,0,3,2022,1,,20221,"[""7612480"",""21105773""]",1,21,12,
3,0,27,2022,17,,202217,"[""27831963"",""27842664"",""1227782""]",4,9,3,
3,0,16,2022,24,,202224,"[""29887974"",""28363181"",""29922330""]",6,6,3,
0,0,30,2021,13,,202113,"[]",3,2,2,
0,0,18,2022,7,,20227,"[]",2,2,1,
1,0,20,2021,24,,202124,"[""15379619""]",6,1,0,
8,0,5,2021,44,,202144,"[""16511170"",""19715279"",""19715610"",""19691641"",""19691628"",""19691691"",""19690381"",""19711297""]",11,17,7,
0,0,26,2022,12,,202212,"[]",3,8,7,
1,0,23,2022,25,,202225,"[""30179735""]",6,6,1,
0,0,4,2022,18,,202218,"[]",5,3,3,
0,0,10,2022,2,,20222,"[]",1,9,1,
0,0,24,2022,4,,20224,"[]",1,5,3,
1,0,2,2021,35,,202135,"[""17285822""]",9,1,0,
1,0,15,2022,19,,202219,"[""25584611""]",5,2,0,
1,0,29,2022,21,,202221,"[""29102451""]",5,5,1,
2,0,4,2022,5,,20225,"[""24409285"",""24414975""]",2,2,1,
3,0,2,2021,22,,202122,"[""14978439"",""14971473"",""14970687""]",6,1,0,
1,0,17,2021,15,,202115,"[""13578856""]",4,7,2,
1,0,15,2022,11,,202211,"[""25999898""]",3,10,3,
1,0,27,2021,25,,202125,"[""15482804""]",6,1,0,
2,0,20,2022,16,,202216,"[""2953691"",""27583288""]",4,4,0,
0,0,15,2021,41,,202141,"[]",10,1,0,
2,0,7,2022,27,,202227,"[""30801572"",""30786473""]",7,8,2,
1,0,26,2021,21,,202121,"[""14789258""]",5,1,0,
1,0,11,2022,6,,20226,"[""24707341""]",2,8,3,
1,0,5,2022,22,,202222,"[""29416690""]",6,5,3,
4,0,22,2022,20,,202220,"[""28814734"",""28799086"",""28800192"",""28805477""]",5,3,1,
4,0,30,2022,26,,202226,"[""30510943"",""30515931"",""30270311"",""25033150""]",6,6,3,
1,0,13,2022,15,,202215,"[""6372578""]",4,5,2,
1,0,8,2022,10,,202210,"[""25743195""]",3,6,1,
1,0,2,2021,44,,202144,"[""19574534""]",11,1,1,
0,0,29,2022,13,,202213,"[]",3,4,2,
1,0,15,2021,28,,202128,"[""11959487""]",7,1,0,
1,0,13,2021,50,,202150,"[""21417110""]",12,3,1,
3,0,1,2022,9,,20229,"[""25450812"",""25464159"",""25445783""]",3,14,5,
0,0,27,2021,17,,202117,"[]",4,2,1,
1,0,7,2022,1,,20221,"[""23306905""]",1,3,2,
1,0,15,2021,19,,202119,"[""4955704""]",5,4,3,
2,0,21,2022,3,,20223,"[""21345135"",""23890219""]",1,16,6,
2,0,8,2021,40,,202140,"[""17207597"",""18728052""]",10,2,0,
1,0,23,2022,16,,202216,"[""27673696""]",4,1,0,
3,0,22,2022,8,,20228,"[""25205460"",""25206455"",""25199252""]",2,11,1,
0,0,6,2021,49,,202149,"[]",12,1,1,
2,0,22,2022,12,,202212,"[""26315615"",""23451480""]",3,10,3,
1,0,1,2021,39,,202139,"[""10285388""]",10,1,0,
3,0,19,2022,24,,202224,"[""26112936"",""30014096"",""30007056""]",6,3,0,
0,0,28,2022,4,,20224,"[]",1,4,3,
0,0,8,2021,18,,202118,"[]",5,1,1,
2,0,14,2022,2,,20222,"[""23589545"",""23577395""]",1,6,1,
1,0,20,2021,16,,202116,"[""13818534""]",4,1,0,
4,0,25,2022,21,,202221,"[""11679238"",""28963746"",""9272176"",""19166411""]",5,11,5,
1,0,6,2021,36,,202136,"[""17392484""]",9,1,0,
3,0,20,2021,51,,202151,"[""21613374"",""7444694"",""18865704""]",12,6,2,
0,0,13,2021,15,,202115,"[]",4,2,0,
2,0,8,2022,6,,20226,"[""24569138"",""24569593""]",2,6,2,
0,0,25,2021,47,,202147,"[]",11,1,0,
2,0,19,2022,11,,202211,"[""16898554"",""26203390""]",3,12,3,
1,0,3,2022,26,,202226,"[""30590215""]",7,3,2,
2,0,29,2021,30,,202130,"[""16366835"",""16368211""]",7,1,0,
3,0,15,2022,7,,20227,"[""24924376"",""24904069"",""15280474""]",2,7,2,
2,0,6,2021,14,,202114,"[""13421090"",""12961880""]",4,2,1,
2,0,18,2022,20,,202220,"[""16068458"",""28621126""]",5,17,13,
1,0,1,2022,22,,202222,"[""29278126""]",6,2,0,
3,0,9,2022,14,,202214,"[""11679238"",""26172355"",""2800326""]",4,8,2,
3,0,5,2021,31,,202131,"[""16161046"",""15277231"",""16528652""]",8,3,0,
2,0,26,2022,25,,202225,"[""30259539"",""30229433""]",6,6,4,
2,0,30,2021,26,,202126,"[""15576454"",""15601920""]",6,1,0,
0,0,12,2022,10,,202210,"[]",3,3,1,
12,0,12,2022,28,,202228,"[30978149,2538678,30055484,30967638,30967258,30970479,30969433,30968116,2713032,6171870,2222671]",7,119,78,
12,0,13,2022,28,,202228,"[31023972,30987060,31019147,31010962,2333027,30884821,28116096,31012015,30987502,27301146,2006008,30986650]",7,78,50,
4,0,14,2022,28,,202228,"[31030586,24720901,30016388,31043631]",7,25,15,
7,0,15,2022,28,,202228,"[2881160,31081521,31093072,25584611,29986774,31087294]",7,36,21,
2,0,16,2022,28,,202228,"[30926576,31112829]",7,10,4,
2,0,17,2022,28,,202228,"[31161110,31173071]",7,8,6,
7,0,18,2022,29,,202229,"[30684139,31222926,30744631,31197555,31204254,24265730,31214925]",7,26,15,
1,0,19,2022,29,,202229,"[31433172]",7,3,2,
4,0,20,2022,29,,202229,"[31521792,31532987,25873105]",7,7,4,
5,0,21,2022,29,,202229,"[31555948,24637187,31592130,31559237,31571245]",7,26,17,
7,0,22,2022,29,,202229,"[21270817,2635331,31612962,30752275,31614168,20708059,31629177]",7,38,22,
1,0,23,2022,29,,202229,"[31656058]",7,7,6,
6,0,24,2022,29,,202229,"[31665788,31675030,31668594,31665299,3008567]",7,23,10,
5,0,25,2022,30,,202230,"[16701135,31714987,117398,11304162,30816397]",7,27,12,
4,0,26,2022,30,,202230,"[31774538,13496344,31771941,31768690]",7,16,8,
3,0,27,2022,30,,202230,"[16652424,31822513,31793269]",7,14,8,
3,0,28,2022,30,,202230,"[31858599,31829447,2042066]",7,13,8,
0,0,29,2022,30,,202230,"[]",7,6,3,
1,0,30,2022,30,,202230,"[31905000]",7,6,4,
1,0,31,2022,30,,202230,"[31933306]",7,7,4,
4,0,1,2022,31,,202231,"[30079295]",8,21,8,
3,0,2,2022,31,,202231,"[32035840,32010624,31741096]",8,17,10,
3,0,3,2022,31,,202231,"[32075615,2953691,3817756]",8,18,9,
3,0,4,2022,31,,202231,"[21616730,32104249,32118629]",8,13,6,
4,0,5,2022,31,,202231,"[29561410,32151800,32156042]",8,23,7,
1,0,6,2022,31,,202231,"[32198321]",8,10,3,
1,0,7,2022,31,,202231,"[32226314]",8,3,1,
2,0,8,2022,32,,202232,"[32299858,32262949]",8,12,8,
4,0,9,2022,32,,202232,"[32370772,32339622,32357724,32346968]",8,17,11,
2,0,10,2022,32,,202232,"[16552557,32396817]",8,20,8,
3,0,11,2022,32,,202232,"[32445478,31360066,32446452]",8,14,9,
3,0,12,2022,32,,202232,"[32489006,32508316,20108869]",8,15,9,
4,0,13,2022,32,,202232,"[32545646,32551472,32542895,32538119]",8,22,10,
2,0,14,2022,32,,202232,"[32511470,32556287]",8,6,4,
0,0,15,2022,33,,202233,"[]",8,9,6,
6,0,16,2022,33,,202233,"[32689082,32655976,32662708,32667463,17059575,4955704]",8,28,20,
5,0,17,2022,33,,202233,"[32706425,32732894,32738298,4769264,32714800]",8,19,9,
3,0,18,2022,33,,202233,"[32794758,32776716,32761413]",8,20,16,
3,0,19,2022,33,,202233,"[32836068,30810196,12122033]",8,17,10,
2,0,20,2022,33,,202233,"[32851296,32858707]",8,10,6,
4,0,21,2022,33,,202233,"[28542958,32884757,17939273,32885124]",8,11,5,
1,0,22,2022,34,,202234,"[223471]",8,38,29,
11,0,23,2022,34,,202234,"[32949802,31633271,33006575,32995145,32953741,24720901,32968060,10035535,1325958,33001441,32999611]",8,65,42,
9,0,24,2022,34,,202234,"[27880212,30422662,33020994,14330530,33064074,33011875,33083609]",8,75,41,
2,0,25,2022,34,,202234,"[32923637,33125977]",8,12,11,
8,0,26,2022,34,,202234,"[33280473,33252643,33281595,33309148,31741096,33286792,33289281,33295695]",8,34,22,
5,0,27,2022,34,,202234,"[26218272,33332250,33344361,33343967,33344055]",8,19,10,
5,0,28,2022,34,,202234,"[33324514,33363659,30514913,30799412]",8,28,10,
3,0,29,2022,35,,202235,"[33432205,33385438,33437071]",8,29,20,
5,0,30,2022,35,,202235,"[33466642,30652945,33510240,29236479,32346968]",8,27,15,
2,0,31,2022,35,,202235,"[1631579,20495526]",8,37,22,
1,0,1,2022,35,,202235,"[31675030]",9,27,13,
1,0,2,2022,35,,202235,"[33653525]",9,6,5,
2,0,3,2022,35,,202235,"[18619030,31083504]",9,29,25,
0,0,4,2022,35,,202235,"[]",9,6,4,
12,0,5,2022,36,,202236,"[33767446,30799412,25416220,33791975,11679238,31647605,28326670,33783397,33772110,33783763,33764837,821596]",9,118,72,
9,0,6,2022,36,,202236,"[33816867,33822529,33865458,15656629,33863890,33867579,33857011,33843852,33817516]",9,63,38,
9,0,7,2022,36,,202236,"[33887152,33901645,33882099,33886921,33871226,33924501,33893676]",9,46,27,
10,0,8,2022,36,,202236,"[19777378,33090408,34000135,33948549,33948823,33989402,33957806,34001681,34000954,33936805]",9,42,25,
11,0,9,2022,36,,202236,"[34021164,34055765,34068179,34065804,34047528,12029522]",9,55,18,
3,0,10,2022,36,,202236,"[34092424,34090608,32693656]",9,10,6,
4,0,11,2022,36,,202236,"[30590215,34107956,34111002,32693656]",9,19,10,
8,0,12,2022,37,,202237,"[34165297,34148815,31790673,34132095,13130160,34144512,34142832,34214440]",9,46,20,
4,0,13,2022,37,,202237,"[34228732,34280543,34219893,31206866]",9,27,18,
7,0,14,2022,37,,202237,"[34292793,34317384,21986242,34329466,34292787,34323165,28476034]",9,28,14,
2,0,15,2022,37,,202237,"[33717388,34401013]",9,27,17,
3,0,16,2022,37,,202237,"[25122102,34436659,34459005]",9,33,21,
0,0,17,2022,37,,202237,"[]",9,9,6,
2,0,18,2022,37,,202237,"[34512493,34503393]",9,5,3,
4,0,19,2022,38,,202238,"[34521221,34553351,34529212,29334524]",9,33,19,
5,0,20,2022,38,,202238,"[34264072,34609128,34577765,34606481,34624755]",9,29,17,
3,0,21,2022,38,,202238,"[34679724,889452,31206866]",9,26,16,
5,0,22,2022,38,,202238,"[34754646,34730142,34758433,7478665,34733066]",9,36,19,
6,0,23,2022,38,,202238,"[28326670,2578683,34769756,34777245,34794539]",9,30,18,
4,0,24,2022,38,,202238,"[34823356,34838946,34829570,34823965]",9,21,13,
0,0,25,2022,38,,202238,"[]",9,7,6,
7,0,26,2022,39,,202239,"[34902198,34885650,34919839,24779201,34924949,34912862,34918006]",9,37,21,
6,0,27,2022,39,,202239,"[2578683,34942364,15386362,13085143,34967128,12419028]",9,35,18,
5,0,28,2022,39,,202239,"[5423859,2578683,35033250,18908855,35016174]",9,29,15,
9,0,29,2022,39,,202239,"[35064355,35064228,34115412,35103454,35083106,35083613,34098070,35094939,35096711]",9,53,27,
6,0,30,2022,39,,202239,"[35115762,35133539,35145826,16960408,35112832,35147491]",9,36,22,
4,0,1,2022,39,,202239,"[35175139,35176993,35171049,35184285]",10,11,6,
0,0,2,2022,39,,202239,"[]",10,4,4,
7,0,3,2022,40,,202240,"[35216528,35249999,3284973,17059575,35259000,35234231]",10,33,17,
11,0,4,2022,40,,202240,"[35300955,35357960,35368696,35278240,35277480,34115412,35308968,34504651]",10,63,27,
10,0,5,2022,40,,202240,"[35380407,35443638,27966877,35448449,35416432,35462660,35462662,35448913,35458638,25477333]",10,52,32,
9,0,6,2022,40,,202240,"[35537606,35485866,33362625,35493797,35514993,35525113,30810029,35516246,35534611]",10,45,25,
11,0,7,2022,40,,202240,"[35553165,35554050,34014566,35485866,35561225,35588699,5702303,35547692,35563003,35556187,35553158]",10,40,25,
1,0,8,2022,40,,202240,"[11809352]",10,12,8,
5,0,9,2022,40,,202240,"[35640337,35640465,34115412,35630525]",10,24,12,
6,0,10,2022,41,,202241,"[35655869,35661383,17927430,35660309,35669085,35668669]",10,53,34,
4,0,11,2022,41,,202241,"[21627496,25470734,35748295,35766496]",10,39,26,
11,0,12,2022,41,,202241,"[35784496,2538678,34115412,35812437,35840183,35822211,35249999,34453964,35843431,35823179,33706002]",10,159,118,
12,0,13,2022,41,,202241,"[24637187,29968898,35871261,35896923,12029522,35879761,35857838,12348938,23860472,35893306,35859456]",10,82,55,
3,0,14,2022,41,,202241,"[35931964,35937347,35922127]",10,41,28,
4,0,15,2022,41,,202241,"[35972645,35975547,34253492,35960035]",10,24,16,
4,0,16,2022,41,,202241,"[35981837,35982503,35983454,35998976]",10,26,16,
9,0,17,2022,42,,202242,"[35535281,36007909,36026245,36020752,36041984,36058478,36006758,36039396,36039342]",10,48,32,
5,0,18,2022,42,,202242,"[36075316,31950073,36112230,36068494,36119948]",10,27,20,
8,0,19,2022,42,,202242,"[36176336,36158239,9627754,36131954,36160433,32158617,36183775,36149451]",10,61,30,
9,0,20,2022,42,,202242,"[36223984,36208096,36199816,36198592,36195615,36203752,36242118,11452720,36228369]",10,41,21,
10,0,21,2022,42,,202242,"[36259221,36297714,36262014,30055484,36261448,36273657,36262107,19224889,36254801,36275561]",10,47,21,
2,0,22,2022,42,,202242,"[2570875,10202424]",10,20,13,
6,0,23,2022,42,,202242,"[35528926,36349553,36337093,36337091,36326246,36343874]",10,23,13,
5,0,24,2022,43,,202243,"[36368913,11154055,35274000,35168091,26563837]",10,37,22,
8,0,25,2022,43,,202243,"[27821229,36431560,36430832,35274000,33817516,26098666,36451468,36421830]",10,41,22,
4,0,26,2022,43,,202243,"[36477524,36524654,36487408,12945128]",10,41,21,
3,0,27,2022,43,,202243,"[36563519,36481847,36592455]",10,29,16,
7,0,28,2022,43,,202243,"[36637535,36663433,36615882,36651204,36646202,34115412,36639438]",10,41,23,
2,0,29,2022,43,,202243,"[36676676,36684930]",10,22,13,
2,0,30,2022,43,,202243,"[23719900,36723909]",10,11,6,
4,0,31,2022,44,,202244,"[17942,12692258,36772593,36751198]",10,48,19,
9,0,1,2022,44,,202244,"[36804540,36874229,36833596,36875639,9889632,30055484,36863751,36836708]",11,70,51,
4,0,2,2022,44,,202244,"[27880212,26719340,35274000,36921472]",11,80,45,
13,0,3,2022,44,,202244,"[5423859,35274000,19677,37031771,37045457,37040709,36999209,37031486,32705432,37048005,37028214,35556187,11145644]",11,131,94,
8,0,4,2022,44,,202244,"[37078187,37072978,37063437,36523641,33437071,37084359,37090673,223471]",11,68,44,
3,0,5,2022,44,,202244,"[37109194,37106879,37107369]",11,17,11,
1,0,6,2022,44,,202244,"[33948823]",11,25,18,
9,0,7,2022,45,,202245,"[37153487,37159953,37162266,37185661,4522860,37172008,37163060,37166123,37218174]",11,60,35,
6,0,8,2022,45,,202245,"[37249852,31907914,35176993,35364370,37238701,37272765]",11,68,36,
6,0,9,2022,45,,202245,"[37324096,29864953,37326586,37286111,37296035,37310841]",11,49,27,
5,0,10,2022,45,,202245,"[27821229,37373798,37388799,37373746,37370862]",11,39,25,
5,0,11,2022,45,,202245,"[37404589,2517527,37414214,37429672,37414517]",11,75,53,
1,0,12,2022,45,,202245,"[35176993]",11,11,10,
3,0,13,2022,45,,202245,"[34730142,37474874,32824882]",11,48,17,
7,0,14,2022,46,,202246,"[37494421,37508860,37498560,31039702,37532066,35926937]",11,61,34,
6,0,15,2022,46,,202246,"[37600241,23837241,37560021,37590267,37600533,37587563]",11,67,51,
3,0,16,2022,46,,202246,"[37635286,34638073,37655196]",11,27,17,
5,0,17,2022,46,,202246,"[34730142,35168091,7612480,37720147,37775692]",11,27,18,
9,0,18,2022,46,,202246,"[19307238,37796527,37811612,37806546,37801128,37810006,37822968,18908855,37778459]",11,95,82,
5,0,19,2022,46,,202246,"[37836751,37827391,37836677,37838885]",11,15,8,
5,0,20,2022,46,,202246,"[37860789,34730142,37857235,37865570,35274000]",11,30,19,
7,0,21,2022,47,,202247,"[37888536,37889029,37930112,36822772,37904424,37879993]",11,64,39,
4,0,22,2022,47,,202247,"[37969988,37584436,37987416,37938903]",11,78,36,
12,0,23,2022,47,,202247,"[15544722,38036115,35274000,38039837,30055484,38033783,38003780,2293561,38024044,27898586]",11,61,29,
3,0,24,2022,47,,202247,"[38094745,38090889,38088427]",11,30,20,
1,0,25,2022,47,,202247,"[21479837]",11,26,19,
5,0,26,2022,47,,202247,"[38277748,38265915,38270795,38262492,38267727]",11,42,21,
8,0,27,2022,47,,202247,"[38279090,38284752,38291880,38281863,38295062,38296053,38296779,38301242]",11,35,19,
2,0,28,2022,48,,202248,"[38498073,38503801]",11,30,18,
5,0,29,2022,48,,202248,"[17854195,38538977,30978149,25783888,38595185]",11,41,23,
9,0,30,2022,48,,202248,"[38652757,38643011,38653641,38877027,38889935,38638805,38872025]",11,61,31,
3,0,1,2022,48,,202248,"[23873423,38945854,38906120]",12,20,14,
2,0,2,2022,48,,202248,"[38966583,38988063]",12,12,7,
1,0,3,2022,48,,202248,"[38998774]",12,14,6,
4,0,4,2022,48,,202248,"[39025552,35145826,39035423,39039706]",12,21,14,
8,0,5,2022,49,,202249,"[39060021,39076848,37338869,30140049,39091979,39094530,35223546,39073214]",12,49,26,
6,0,6,2022,49,,202249,"[39134690,25720421,39113518,39132589,39133850,21504432]",12,66,26,
5,0,7,2022,49,,202249,"[39157716,32262557,35836168]",12,26,23,
14,0,8,2022,49,,202249,"[39290339,39306447,39282418,12419028,32328812,39305329,9333653,39274481,39268446]",12,77,26,
5,0,9,2022,49,,202249,"[39285873,39268446,39360423]",12,62,24,
0,0,10,2022,49,,202249,"[]",12,9,7,
6,0,11,2022,49,,202249,"[39423600,39415588,28927689,39423522]",12,30,14,
3,0,12,2022,50,,202250,"[39483737,37508860,39443625]",12,43,19,
6,0,13,2022,50,,202250,"[39522196,1016473,37543078,39541458,39543748,39502085]",12,33,13,
9,0,14,2022,50,,202250,"[39560306,39558779,29729340,39598253,35083613]",12,44,18,
0,0,15,2022,50,,202250,"[]",12,38,32,
2,0,16,2022,50,,202250,"[39668638,39660667]",12,19,7,
0,0,17,2022,50,,202250,"[]",12,1,1,
1,0,18,2022,50,,202250,"[39717901]",12,21,17,
3,0,19,2022,51,,202251,"[34453964,39744293,39779587]",12,25,14,
6,0,20,2022,51,,202251,"[39832042,39788539,39819105,39811460]",12,38,17,
5,0,21,2022,51,,202251,"[39860661,39860881,39851731,39853624,24175468]",12,52,23,
4,0,22,2022,51,,202251,"[39076848,39908056,34545172,17673755]",12,47,35,
5,0,23,2022,51,,202251,"[39942086,39978886,39957597,39977817,36702167]",12,33,18,
1,0,24,2022,51,,202251,"[35205119]",12,13,8,
1,0,25,2022,51,,202251,"[40004970]",12,8,4,
3,0,26,2022,52,,202252,"[40021682,40037858,40033682]",12,52,43,
8,0,27,2022,52,,202252,"[40090592,11132856,27383358,17673755,37152517,40084662,67691,40053687]",12,58,32,
4,0,28,2022,52,,202252,"[40133972,40152836,38541292,36430832]",12,46,25,
10,0,29,2022,52,,202252,"[24395540,11773471,40193906,40194759,40190633,34055697,40192857,28677182,40164599,40191543]",12,70,32,
2,0,30,2022,52,,202252,"[40228563,40235275]",12,22,12,
6,0,31,2022,52,,202252,"[40243262,40254922,40237979,11054819,39485403,36821754]",12,36,25,
6,0,1,2023,52,,202252,"[40263127,40256962,40262542,40258845,40265488,40268689]",1,36,21,
15,0,2,2023,1,,20231,"[40290239,27923445,9889632,40309263,40282118,28010262,40321033,7478665,27880212,26172355,38925818,40285493]",1,115,68,
13,0,3,2023,1,,20231,"[38961030,40375093,5276471,4909749,33360231,31951285,40352380,40350085,40329148,40192208,48292,40343910,40343461]",1,158,85,
14,0,4,2023,1,,20231,"[35528926,40402939,40415009,40383778,27718170,38613410,40424596,494469,37879993,40400274,9567139]",1,109,51,
11,0,5,2023,1,,20231,"[40471339,31788186,30140049,40275305,40492012,8917964,40452269,40489839,9578508,40452241,40475542]",1,84,42,
2,0,6,2023,1,,20231,"[40536475,31788186]",1,22,12,
5,0,7,2023,1,,20231,"[40564253,12533562,40562295,35255282,40557921]",1,45,24,
5,0,8,2023,1,,20231,"[25116274,40577890,40589940]",1,42,15,
10,0,9,2023,2,,20232,"[21250740,9409261,40631107,40613655,36381431,15971374,40620740,40613695,40638538]",1,106,57,
11,0,10,2023,2,,20232,"[21250740,40697373,11429385,40739610,3312066,40689794,40675778,25036877,40695308,40680684,32346259]",1,109,65,
4,0,11,2023,2,,20232,"[34631955,40406313,40765696,40772164]",1,57,30,
8,0,12,2023,2,,20232,"[40880259,40869595,40847469,40859788,40872594,38956302,21458474,40848571]",1,66,29,
3,0,13,2023,2,,20232,"[40242889,40922033,40894361]",1,54,21,
3,0,14,2023,2,,20232,"[40946324,40952812,40959066]",1,34,20,
7,0,15,2023,2,,20232,"[33461930,40975439,29620617,40970464,40986048,2555497,40986306]",1,38,13,
5,0,16,2023,3,,20233,"[41047207,41038754,41066562,41009481,41040580]",1,47,21,
3,0,17,2023,3,,20233,"[41103218,41133481,41077235]",1,59,26,
13,0,18,2023,3,,20233,"[41176200,39282317,16465537,41199549,40786723,41209790,41170301,41172891,41165847,41208168,25543351,41166821]",1,92,43,
7,0,19,2023,3,,20233,"[41272407,41248059,41250908,20195397,39276881,36863751,41264668]",1,151,100,
12,0,20,2023,3,,20233,"[38887627,41285793,41333263,11986912,36208096,39412037,2293561,10035535,41077235,41308184,41316890,41310305]",1,152,83,
6,0,21,2023,3,,20233,"[41358793,25854393,41355917,41363424,24772853,41356182]",1,38,29,
3,0,22,2023,3,,20233,"[41371354,41393862,41356182]",1,71,37,
12,0,23,2023,4,,20234,"[41405868,23535069,41199549,5206779,41446164,41398961,41430635,41462399,38267727]",1,88,52,
7,0,24,2023,4,,20234,"[41535856,40828870,17673755,34559502,31172827,2341209]",1,90,45,
5,0,25,2023,4,,20234,"[41593099,41587671,32347218,41555003,23929962]",1,61,38,
13,0,26,2023,4,,20234,"[14958618,41673858,41637511,36526770,41641070,39690934,41688700,8717236,35972645,26289666,41639429,41663537,37334391]",1,94,35,
7,0,27,2023,4,,20234,"[41710685,39832042,23742587,41737725,35703061,41741380,40786723]",1,93,41,
5,0,28,2023,4,,20234,"[41769367,34471145,41774019,25807151]",1,62,36,
9,0,29,2023,4,,20234,"[41791971,41792735,41805600,41817923,41793048,41797965,24278213,36702167]",1,63,33,
22,0,30,2023,5,,20235,"[41848397,35602142,41884755,40931536,41868045,40128275,41848368,41841735,41827240,41873981,41855351,41849975,41838511,41825493,14912017,41836240,41849590,41877564]",1,156,71,
12,0,31,2023,5,,20235,"[24637187,41925945,41929001,41961654,10855488,36702167,41969542,41919286,41968169,41931529,41904565,41971913]",1,91,51,
6,0,1,2023,5,,20235,"[33267,42023228,42029314,41989425,42026876,32905314]",2,50,30,
12,0,2,2023,5,,20235,"[42068547,31788186,42118218,42122457,42137238,42077110,40423832,41052837,42089351]",2,86,42,
3,0,3,2023,5,,20235,"[30086610,36487408]",2,49,27,
1,0,4,2023,5,,20235,"[42221933]",2,20,12,
8,0,5,2023,5,,20235,"[42258096,42262228,42249644,41052837,42264327,42264013,42245982]",2,43,22,
5,0,6,2023,6,,20236,"[42311794,42328457,42356361,39145309,42327936]",2,62,26,
5,0,7,2023,6,,20236,"[42410291,38033783,10164287,42375197,42397550]",2,45,24,
4,0,8,2023,6,,20236,"[33622110,17803764,42449526,36605205]",2,59,29,
2,0,9,2023,6,,20236,"[42564690,13800201]",2,34,23,
6,0,10,2023,6,,20236,"[33957806,42600214,42590664,31788186,33289281,42623924]",2,59,27,
1,0,11,2023,6,,20236,"[42660794]",2,16,10,
3,0,12,2023,6,,20236,"[42691550,24142368,42680254]",2,31,19,
4,0,13,2023,7,,20237,"[29332045,24115834,42732295,42717483]",2,49,23,
13,0,14,2023,7,,20237,"[42788627,42825260,24933488,42785428,42831124,42837964,42797305,42296479,42802453,391446,11154055,42824449,39067280]",2,65,19,
5,0,15,2023,7,,20237,"[42900655,37543078,42919560,42907756]",2,42,25,
5,0,16,2023,7,,20237,"[42931625,42972763,42944960,31528002,42976645]",2,56,21,
7,0,17,2023,7,,20237,"[43039889,43004888,43045301,43009093,43023658,43005740,43013431]",2,68,37,
2,0,18,2023,7,,20237,"[43041870,43051924]",2,14,8,
5,0,19,2023,7,,20237,"[43111902,43098862,43107840]",2,40,33,
7,0,20,2023,8,,20238,"[43134401,42296479,43124531,42862499,43190983,35083613,43151197]",2,116,67,
19,0,21,2023,8,,20238,"[43219962,34165297,43129375,43233362,31972419,43254090,43214929,36521436,29620617,26563837,43267287,43224250,43236303]",2,116,51,
3,0,22,2023,8,,20238,"[43285238,43353798,34737641]",2,42,25,
12,0,23,2023,8,,20238,"[41535856,31906648,5490021,43442555,18061687,29620617,43392335,43021864,10035535,43396842,43380232,43379723]",2,107,58,
14,0,24,2023,8,,20238,"[43217632,42717483,43463561,43457583,30702717,41873981,39832042,34453964,43513743]",2,114,54,
4,0,25,2023,8,,20238,"[43573639,43564749,43557103,43551186]",2,38,26,
2,0,26,2023,8,,20238,"[43589889,43593147]",2,23,10,
11,0,27,2023,9,,20239,"[36531695,43641478,43664575,24221832,43686192,43652974,43657015,27880212,11154055,43664514,43637208]",2,101,47,
5,0,28,2023,9,,20239,"[11054819,39412037,43772230,43758301]",2,61,26,
9,0,1,2023,9,,20239,"[43830733,41052837,43813009,43819015,43799748,43834783,43801251]",3,81,43,
4,0,2,2023,9,,20239,"[43892765,35249999]",3,75,35,
4,0,3,2023,9,,20239,"[43939698,43949069,36521436,44008695]",3,48,18,
2,0,4,2023,9,,20239,"[44052739,44034931]",3,26,14,
1,0,5,2023,9,,20239,"[44075480]",3,23,12,
2,0,6,2023,10,,202310,"[44113443,44146082]",3,53,19,
9,0,7,2023,10,,202310,"[44180188,44201829,44211479,44250155,44198036,44194305,44229255,41688700,40577890]",3,150,51,
8,0,8,2023,10,,202310,"[44320728,11773471,44298398,44336919,44277255,44267064]",3,79,41,
12,0,9,2023,10,,202310,"[44356338,44384127,44408831,39609590,44408815,44361651,38966583,44395242,44356316,44401742,44388465,44374332]",3,65,35,
6,0,10,2023,10,,202310,"[39076848,43018827,44460731,24779201,38998774,44323318]",3,31,18,
1,0,11,2023,10,,202310,"[44526660]",3,6,4,
3,0,12,2023,10,,202310,"[44564482,44015073,44553609]",3,20,12,
8,0,13,2023,11,,202311,"[44623756,44618495,44596304,24095938,44585317,44603028]",3,48,19,
10,0,14,2023,11,,202311,"[44683050,14420776,37543078,44717201,44731806,44741287,29753714]",3,85,47,
4,0,15,2023,11,,202311,"[44766343,44778731,44785608,44774032]",3,58,42,
12,0,16,2023,11,,202311,"[34165297,44837187,44842061,44857424,44843564,19961022,44868979,44872822,44845062,44838524,35972645]",3,82,41,
10,0,17,2023,11,,202311,"[44903689,44211479,23644108,32439727,41053286,44915784,21647448,37447414,2963497,43224250]",3,120,67,
7,0,18,2023,11,,202311,"[42750606,44075480,44982781,35176993]",3,38,24,
2,0,19,2023,11,,202311,"[45022828,4480115]",3,27,19,
8,0,20,2023,12,,202312,"[37836751,45100231,31095505,45074561,45036650,45088034,45111633,45085925]",3,74,33,
15,0,21,2023,12,,202312,"[45215411,45206631,45121521,3089684,41354296,41209790,45223561,45210864,45122457,45232237,30893004,34679724,1292572]",3,76,31,
7,0,22,2023,12,,202312,"[36543211,45323504,45267711,45326502,31788186,41869069]",3,55,28,
7,0,23,2023,12,,202312,"[45408425,37345128,45365986,23254874,38415686,31633271,43284389]",3,33,16,
6,0,24,2023,12,,202312,"[24720901,34165297,40975439,45484862,33412765,45484894]",3,41,20,
4,0,25,2023,12,,202312,"[45499285,45509798,45514252]",3,20,10,
3,0,26,2023,12,,202312,"[20192005,34453964]",3,25,11,
11,0,27,2023,13,,202313,"[36430832,45584943,25205460,45602904,45626218,45634974,35529272,45569704,45582984,45630085]",3,142,75,
11,0,28,2023,13,,202313,"[34165297,42018299,45704305,45717311,42831124,45640656,45656441,45662756,45682096,45664415,33289281]",3,79,42,
6,0,29,2023,13,,202313,"[44460252,45829814,45734158,41402186,30435851,45811331]",3,51,29,
8,0,30,2023,13,,202313,"[45835014,45873398,45863290,45851473,45892509,45862093,45885039,45893739]",3,52,31,
8,0,31,2023,13,,202313,"[45963052,45971585,45929375,45965493,45942522,45956883,45919159,45937529]",3,50,19,
10,0,1,2023,13,,202313,"[45978474,45986574,38291936,45981705,45408425,43793801,45982726,41052837,44388465,45992938]",4,53,20,
7,0,2,2023,13,,202313,"[46024646,46024801,46032231,46032875,46022055,46012791,46021078]",4,45,17,
7,0,3,2023,14,,202314,"[45890617,46066917,46134832,46103833,46095092,46124913,46126784]",4,51,33,
11,0,4,2023,14,,202314,"[46210441,46165566,46199186,46186143,46148003,32452563,35234231]",4,51,18,
8,0,5,2023,14,,202314,"[46316772,46320368,46275856,34363474,38595185,46310241,45717311]",4,57,31,
12,0,6,2023,14,,202314,"[36430832,35064228,34111002,46350469,46396154,46355795,46310241,26487485,19510585,46320368,45618171]",4,113,64,
4,0,7,2023,14,,202314,"[37181746,46428326,46443732,46430472]",4,22,13,
3,0,8,2023,14,,202314,"[46465343,46455816,35529272]",4,21,9,
2,0,9,2023,14,,202314,"[46484492,46501489]",4,11,7,
6,0,10,2023,15,,202315,"[46024646,46525109,46553776,46570005,46556586,46547474]",4,47,18,
11,0,11,2023,15,,202315,"[46616341,46632444,31633271,46635151,32299858,21218453,46616309,46638012,46609197,4913573,46605167]",4,77,32,
5,0,12,2023,15,,202315,"[46756863,15266428,39811460,320789,46685013]",4,43,22,
7,0,13,2023,15,,202315,"[46838355,37764110,46850426,46853992,41200357,46791805,29334524]",4,39,20,
5,0,14,2023,15,,202315,"[46913505,40795855,30958839,46881105,46919802]",4,53,25,
2,0,15,2023,15,,202315,"[46942889,41393885]",4,7,4,
2,0,16,2023,15,,202315,"[46976113,46970354]",4,25,15,
13,0,17,2023,16,,202316,"[47037568,46719324,47060858,47014075,47038054,47022324,47007094,42264013,44693576,47022743,47006883,43236303,47016781]",4,107,61,
5,0,18,2023,16,,202316,"[47131129,46165566,46618574,42970585]",4,33,17,
9,0,19,2023,16,,202316,"[42420303,47251968,13393231,47258567,40055110,40219656,47242566,47225647,46605167]",4,55,21,
8,0,20,2023,16,,202316,"[30171196,47267191,47302644,178031,47309489,47282485,47270510,47296345]",4,59,27,
6,0,21,2023,16,,202316,"[27311743,47354378,47360076,47348317,43183894,47343812]",4,44,21,
0,0,22,2023,16,,202316,"[]",4,7,4,
9,0,23,2023,16,,202316,"[47431873,47429547,47467136,47463466,47447027,47445216,47432772,37404697,47447807]",4,43,22,
14,0,24,2023,17,,202317,"[34754646,28585687,47522009,47543949,39977817,47484709,35994211,47498646,47543581,47515439,46165566,47484741,47499865,46605167]",4,197,90,
6,0,25,2023,17,,202317,"[47609900,36855667,47623964,47587883,19197038,10035535]",4,52,27,
10,0,26,2023,17,,202317,"[47648381,47700845,47667182,47674301,47691597,47681202,47643301,47658841,21097801,47642450]",4,74,33,
6,0,27,2023,17,,202317,"[17620104,47737828,47060858,47734266,494469,47786479]",4,52,27,
5,0,28,2023,17,,202317,"[47845079,42084784,47825226,47842243,47838129]",4,33,15,
5,0,29,2023,17,,202317,"[47172770,47886028,47867755,47879404,47885984]",4,29,16,
5,0,30,2023,17,,202317,"[34314167,47920211,47921381,47914080,24571147]",4,17,12,
9,0,1,2023,18,,202318,"[5423859,47938282,47953391,47970999,46186143,47972865,494469,47958290,37480290]",5,50,26,
10,0,2,2023,18,,202318,"[48015400,48030203,3317981,46587174,48018225,48008167,48033525,48021462,47987409,48035608]",5,75,39,
9,0,3,2023,18,,202318,"[48093392,48122181,7375561,24254849,48066040,48066492,43687675,48121202,31035625]",5,63,32,
17,0,4,2023,18,,202318,"[48187502,48233468,48194221,44922309,43648096,21850664,32659021,48136697,48141437,48190087,39977817,48140110,48207334,494469,48198275,48143235,48218634]",5,92,37,
10,0,5,2023,18,,202318,"[48273481,48264721,41422908,48256875,48278629,48245495,48243995,48284844,3759685,45618171]",5,78,30,
1,0,6,2023,18,,202318,"[48305592]",5,18,8,
10,0,7,2023,18,,202318,"[48342214,48331838,48344640,48338961,2394709,48355005,12423999,48365465,48339679]",5,40,13,
11,0,8,2023,19,,202319,"[20111344,48414244,34426421,43843320,48141437,40828870,298237,48413833,38116664,34329466]",5,70,30,
12,0,9,2023,19,,202319,"[13405501,48501652,43631984,48490661,30625019,11185007,40489839,48473789,48459723,48500883,48518492]",5,62,30,
10,0,10,2023,19,,202319,"[48599162,48574573,42689595,48535947,48543987,48589777,48557380,48559498,10035535,48574676]",5,58,30,
4,0,11,2023,19,,202319,"[15409095,27966877,48609217,44845062]",5,61,23,
8,0,12,2023,19,,202319,"[47686197,46876821,46165566,48699151,48702089,46186143,37925914,48693560]",5,110,47,
3,0,13,2023,19,,202319,"[48756584,48762748,37925914]",5,22,14,
6,0,14,2023,19,,202319,"[48797608,48272947,48818193,31039702,48834061,48801480]",5,37,14,
21,0,15,2023,20,,202320,"[37836751,48866588,44922309,38956302,48913013,48913811,48903087,48925816,48864504,48895523,48914625,47268482,48857673,25625206,494469,48881167,27880212,48875013,48874454,48861327,48861253]",5,138,74,
12,0,16,2023,20,,202320,"[25763334,48936827,46310241,41590552,48957385,48953595,48975768,48968647,48270984,48934835,48980267,48951262]",5,150,69,
7,0,17,2023,20,,202320,"[45978474,46210441,48292,49066282,49083970,49047603,49071532]",5,64,36,
7,0,18,2023,20,,202320,"[43939698,49121576,47700845,49124630,20195397,49122215,48609217]",5,58,26,
6,0,19,2023,20,,202320,"[28326670,49197439,49167051,48233468,45584943,46021078]",5,52,24,
4,0,20,2023,20,,202320,"[49226597,49212616,46455816,49215999]",5,32,17,
5,0,21,2023,20,,202320,"[49269329,49281937,49275230,46836113,49284291]",5,26,8,
11,0,22,2023,21,,202321,"[49312735,49347721,49321735,37533858,49317856,49346903,34055697,38966583,49304982,49334054,49342058]",5,84,40,
9,0,23,2023,21,,202321,"[49418247,30970204,49384712,49426602,49439472,49434771,49424503,49384608,49438791]",5,63,28,
7,0,24,2023,21,,202321,"[49470946,49483601,28539482,49459781,49317856,49500488,49488751]",5,59,27,
11,0,25,2023,21,,202321,"[48874582,13475257,49575951,49552830,49536168,49571807,45098433,47296345,49585739,49573816,49567743]",5,60,27,
6,0,26,2023,21,,202321,"[49616727,49631201,37429672,49649838]",5,71,22,
6,0,27,2023,21,,202321,"[1631579,37429672,48903087,49635073,49706955]",5,19,11,
3,0,28,2023,21,,202321,"[49730295,49730497,49731476]",5,16,9,
11,0,29,2023,22,,202322,"[49773352,4053361,35133475,49801888,49770705,49749813,49798071,49769991,40327785,40975439,49766669]",5,66,38,
4,0,30,2023,22,,202322,"[50189708,47837336,34632900,17222413]",5,57,33,
15,0,31,2023,22,,202322,"[11741017,35133475,50305251,34000135,50244528,50296252,50237168,49572678,50273822,50305017,49835119,50247030,50281410,11054819]",5,70,38,
6,0,1,2023,22,,202322,"[50390703,14210133,50309296,50386719,50310218,50358205]",6,33,16,
5,0,2,2023,22,,202322,"[15047828,41052837,50429399,10055015,50450349]",6,74,41,
7,0,3,2023,22,,202322,"[27880212,50497375,37429672,50473542,494469,33764831,50502417]",6,48,20,
1,0,4,2023,22,,202322,"[42306288]",6,9,4,
6,0,5,2023,23,,202323,"[33622110,50547813,44753472,28528392,37480290,50601363]",6,34,21,
4,0,6,2023,23,,202323,"[41349256,50691323,41869069,45103342]",6,27,16,
5,0,7,2023,23,,202323,"[50794134,47022743,31039702,50719090,50715635]",6,44,29,
4,0,8,2023,23,,202323,"[50833524,50851110,39836540,36413808]",6,44,28,
9,0,9,2023,23,,202323,"[50902908,6337245,50891224,19479502,49573816,42388671,46320368,50900665,50917726]",6,94,45,
5,0,10,2023,23,,202323,"[50937006,50946588,7170054,50956115,36615929]",6,28,15,
7,0,11,2023,23,,202323,"[51001693,33712330,41869069,35695339,50975345,50995821]",6,36,21,
12,0,12,2023,24,,202324,"[51028397,51017577,37326586,51009843,51051135,51059220,51034088,51049818,19567237,33871226,51049231,33622110]",6,68,32,
17,0,13,2023,24,,202324,"[48867747,24637187,31019356,51103622,40765696,35697891,51102833,51148508,46024646,51123009,51117858]",6,116,59,
15,0,14,2023,24,,202324,"[51234764,45572813,51188951,51194947,51188492,51115116,3713008,51221940,51192049,51187324,51208326,51167969,51203394,42874919]",6,77,44,
5,0,15,2023,24,,202324,"[51259596,17927430,37326586,51263176,48693560]",6,44,15,
5,0,16,2023,24,,202324,"[51352380,51373291,51323001,51326885,32706182]",6,29,15,
8,0,17,2023,24,,202324,"[51394506,51380518,19895796,51405568,51389738,43102408,51380439,36615929]",6,36,20,
1,0,18,2023,24,,202324,"[51432820]",6,11,5,
8,0,19,2023,25,,202325,"[51531667,51480996,48020482,51507413,51500243,51477887,39977817,46605167]",6,55,24,
13,0,20,2023,25,,202325,"[48344640,51554815,51575528,51576774,51601686,7375561,51607763,51550435,29795695,35703061,44487489,51567330,51585943]",6,74,42,
11,0,21,2023,25,,202325,"[51614852,51692223,51680122,38956302,51637553,38082823,51629489,45323504,51672644,51662181,34558530]",6,86,48,
6,0,22,2023,25,,202325,"[16231280,51737889,46814600,34930090,51748000,51752990]",6,46,27,
6,0,23,2023,25,,202325,"[51788987,35972645,51799185,49212616,51796887,51791145]",6,46,26,
2,0,24,2023,25,,202325,"[51871760,51872483]",6,24,12,
7,0,25,2023,25,,202325,"[51878574,51882651,49212616,51893897,494469,51906185]",6,33,20,
8,0,26,2023,26,,202326,"[51929195,46165566,51911337,7502903,51971668,51976831,51970782,51913700]",6,58,29,
17,0,27,2023,26,,202326,"[50497375,52046071,52058990,52008635,52024809,52036797,49212616,52026951,47185238,33309148,44845062,18014399,38912695]",6,100,49,
4,0,28,2023,26,,202326,"[17673755,52086299,42899220,52101189]",6,40,28,
5,0,29,2023,26,,202326,"[52171580,52180380,36641291,52149491,52184560]",6,41,20,
17,0,30,2023,26,,202326,"[52246739,29236479,28585687,52261761,46024801,52233083,52269319,52259179,52268398,52263227,52243156,52259470,52248205,52267100,52237416,52263636]",6,78,36,
3,0,1,2023,26,,202326,"[52276952,46605167,52294846]",7,13,6,
5,0,2,2023,26,,202326,"[51102833,52328091,52333811,52334818,52329595]",7,24,10,
7,0,3,2023,27,,202327,"[45890617,17673755,52377405,46605167,52387819]",7,88,48,
12,0,4,2023,27,,202327,"[52461099,52478284,52452186,52430606,47700845,51148508,52483357,49212616,52491821,40489839,52435462]",7,65,41,
10,0,5,2023,27,,202327,"[49212616,51102833,25785135,29078585,52549724,52598487]",7,40,26,
3,0,6,2023,27,,202327,"[13405501,17939273,46605167]",7,28,13,
7,0,7,2023,27,,202327,"[31972419,52704802,34754646,52518068,33289281,40292057,43156388]",7,82,56,
5,0,8,2023,27,,202327,"[52753747,52758096,52765492]",7,31,10,
8,0,9,2023,27,,202327,"[44808157,25999898,52806517,52790851,51480996,52775418,52778039,52792767]",7,35,19,
6,0,10,2023,28,,202328,"[51326885,35746716,52830422,52838094,46605167]",7,45,18,
6,0,11,2023,28,,202328,"[52922447,49039720,9546831,19503869]",7,58,31,
11,0,12,2023,28,,202328,"[52991122,53045851,43589889,43052204,52966859,53049897,52988659,52967594,53041048,45620203]",7,57,27,
3,0,13,2023,28,,202328,"[53128938,53089378,34055697]",7,27,14,
8,0,14,2023,28,,202328,"[53198654,53207563,15409095,30655942,53218658,53228677,53170134]",7,42,22,
2,0,15,2023,28,,202328,"[53257162,53264891]",7,9,5,
2,0,16,2023,28,,202328,"[53317438,5802624]",7,13,8,
2,0,17,2023,29,,202329,"[48344640,53401989]",7,22,14,
4,0,18,2023,29,,202329,"[50547813,53493326,53495249,53477047]",7,24,15,
13,0,19,2023,29,,202329,"[53516635,9061052,53511637,35083613]",7,54,18,
3,0,20,2023,29,,202329,"[46165566,25524173,47484709]",7,27,17,
3,0,21,2023,29,,202329,"[46165566,53689718,46605167]",7,33,22,
1,0,22,2023,29,,202329,"[53717899]",7,8,7,
1,0,23,2023,29,,202329,"[41869069]",7,13,10,
3,0,24,2023,30,,202330,"[53815646,3427429,53808313]",7,27,16,
4,0,25,2023,30,,202330,"[53942049,53887265,45203629,39977817]",7,22,13,
5,0,26,2023,30,,202330,"[53971444,54031198,54032285,54012625,54052744]",7,46,23,
2,0,27,2023,30,,202330,"[54105391,54091165]",7,23,10,
4,0,28,2023,30,,202330,"[54171105,53996681,35746716,54164622]",7,27,14,
1,0,29,2023,30,,202330,"[54197300]",7,15,8,
5,0,30,2023,30,,202330,"[51583048,54225447,54223702,10055015,54226496]",7,29,16,
7,0,31,2023,31,,202331,"[54300318,54265191,54327367,54290894,54329845,54315567,54299171]",7,53,34,
9,0,1,2023,31,,202331,"[54339699,54404752,54357910,53795806,44311031,54359027,54362404,51920811,54363680]",8,38,18,
4,0,2,2023,31,,202331,"[54457848,46024646,54462978,26180555]",8,28,16,
3,0,3,2023,31,,202331,"[54481132,35351168,54497956]",8,27,16,
6,0,4,2023,31,,202331,"[49184063,54557482,54616561,43631984,54562057,54571502]",8,64,23,
4,0,5,2023,31,,202331,"[54644708,42846759,17927430,54644699]",8,20,10,
2,0,6,2023,31,,202331,"[54691990,54694334]",8,27,19,
6,0,7,2023,32,,202332,"[30441498,54773765,54801562,54768754,54782504,54759682]",8,63,30,
7,0,8,2023,32,,202332,"[54404752,13393231,54823764,47648024,54844170,54831132,54896454]",8,63,40,
11,0,9,2023,32,,202332,"[54958620,54962956,31972419,54932162,54916045,53575084,54955301,54955552,54965525,37047479]",8,110,57,
8,0,10,2023,32,,202332,"[55062469,51102833,55064895,55064566,55059602,52149491,52925246]",8,88,45,
9,0,11,2023,32,,202332,"[55118660,2394709,55075737,55095427,55104214,55109686]",8,74,40,
3,0,12,2023,32,,202332,"[48903087,55158914,55155472]",8,21,14,
8,0,13,2023,32,,202332,"[55183921,55202112,40951589,55185572,55170499,50891224,28499708,34055697]",8,44,26,
8,0,14,2023,33,,202333,"[51259596,55233863,55242718,55232908,55261475,821596]",8,55,29,
6,0,15,2023,33,,202333,"[53092366,55284047,55328340,52149491,7478665,55307076]",8,54,30,
6,0,16,2023,33,,202333,"[29952624,55365396,55398452,19898879]",8,53,35,
6,0,17,2023,33,,202333,"[55473614,51102833,55427414,55422063,55447230,55470150]",8,42,23,
4,0,18,2023,33,,202333,"[19567237,55474266,55495804,52058990]",8,31,14,
1,0,19,2023,33,,202333,"[11132856]",8,10,5,
1,0,20,2023,33,,202333,"[55581240]",8,7,4,
3,0,21,2023,34,,202334,"[54754225,55651909,55625520]",8,23,15,
2,0,22,2023,34,,202334,"[55718285,55728652]",8,18,13,
14,0,23,2023,34,,202334,"[51361450,34919839]",8,35,14,
4,0,24,2023,34,,202334,"[46024646,55842196,29729340,55876493]",8,64,40,
3,0,25,2023,34,,202334,"[55925911,55926565,47940961]",8,49,25,
1,0,26,2023,34,,202334,"[17939273]",8,13,9,
2,0,27,2023,34,,202334,"[23929962,56046080]",8,8,4,
12,0,28,2023,35,,202335,"[56104902,56092425,56060101,47700845,52792767,56109669,49212616,30263510,56121012,54164622,56094534]",8,113,60,
6,0,29,2023,35,,202335,"[56211443,56196578,39541458,56162927,46605167,32346259]",8,65,43,
7,0,30,2023,35,,202335,"[56306319,27880212,56333019,56279809,221,56286417,56321324]",8,49,38,
12,0,31,2023,35,,202335,"[56360514,56431482,56394918,56432561,56367998,56372053,33574441,56354633,56421587,56414585,42354941,11054819]",8,86,44,
1,0,1,2023,35,,202335,"[56449972]",9,35,24,
5,0,2,2023,35,,202335,"[56520992,56519702]",9,22,9,
1,0,3,2023,35,,202335,"[41869069]",9,18,16,
6,0,4,2023,36,,202336,"[56610595,56611851,56766258,56779935,46435490,46605167]",9,33,21,
3,0,5,2023,36,,202336,"[56900234,56634701,37404697]",9,38,27,
7,0,6,2023,36,,202336,"[56998352,56955549,56931309,56972272,25775539,56960544,21776115]",9,52,28,
5,0,7,2023,36,,202336,"[57063697,57063474,37404697,57030849,57039677]",9,39,22,
3,0,8,2023,36,,202336,"[57102488,25720421,57150773]",9,47,33,
3,0,9,2023,36,,202336,"[57192196,57192753,57209748]",9,28,19,
1,0,10,2023,36,,202336,"[57243113]",9,16,12,
11,0,11,2023,37,,202337,"[57305612,57341723,52246739,57288248,57334985,57334824,51259596,57322351,57312803,57322593]",9,78,44,
10,0,12,2023,37,,202337,"[57443456,51102833,57430248,57403822,57394166,57124343,57415226,21728653,57392209]",9,118,66,
3,0,13,2023,37,,202337,"[57543185,57537833,29586971]",9,55,36,
2,0,14,2023,37,,202337,"[57615444,55049706]",9,35,26,
8,0,15,2023,37,,202337,"[43004888,57726331,11504186,57690017,53332087,55651909]",9,55,38,
1,0,16,2023,37,,202337,"[57764183]",9,12,11,
1,0,17,2023,37,,202337,"[51102833]",9,8,6,
4,0,18,2023,38,,202338,"[35064355,57916909,57841846,57900529]",9,29,17,
4,0,19,2023,38,,202338,"[58016230,57948229,57956881,36650883]",9,36,20,
7,0,20,2023,38,,202338,"[58094829,58117307,35592202,52149491,24178230,43005740,58115396]",9,51,30,
8,0,21,2023,38,,202338,"[58226475,43004888,35972645,58173495,3155410,58172587,46605167]",9,51,28,
6,0,22,2023,38,,202338,"[57312803,58314875,31960531,41869069,58310253,29525570]",9,34,21,
1,0,23,2023,38,,202338,"[33843852]",9,15,12,
0,0,24,2023,38,,202338,"[]",9,25,20,
5,0,25,2023,39,,202339,"[58457773,58440787,56093634,58491007,58226475]",9,50,26,
4,0,26,2023,39,,202339,"[58569933,56333019,55178900]",9,56,40,
4,0,27,2023,39,,202339,"[58674248,58713405,35064355,58675411]",9,36,24,
6,0,28,2023,39,,202339,"[23837241,58777777,45780019,58804345,58822416,18354924]",9,44,20,
3,0,29,2023,39,,202339,"[58924246,58853660,22801936]",9,21,10,
5,0,30,2023,39,,202339,"[58941983,56367998,54631422,58976769,58965779]",9,27,14,
8,0,1,2023,39,,202339,"[59014392,51102833,59010502,58994368,48122181,35064228,9889632]",10,37,12,
3,0,2,2023,40,,202340,"[11451540,37525242,59064518]",10,25,12,
6,0,3,2023,40,,202340,"[59200843,34453964,2651915,59207387,59206264]",10,48,29,
4,0,4,2023,40,,202340,"[58866212,54631422,59256735,59259047]",10,29,19,
9,0,5,2023,40,,202340,"[44623756,59368088,51102833,59403300,59395201,59378194,4597254,59393199]",10,50,29,
2,0,6,2023,40,,202340,"[59417297,43005740]",10,12,9,
2,0,7,2023,40,,202340,"[59528470,46435490]",10,10,7,
1,0,8,2023,40,,202340,"[59560689]",10,5,5,
7,0,9,2023,41,,202341,"[59684150,59676553,45480347,59695798,57764183]",10,41,20,
15,0,10,2023,41,,202341,"[7444694,59901363,51102833,59676553,59887525,43267287,43004888,59882676,59901007,49739870,59690540,59754334,59901559,59848291]",10,88,43,
10,0,11,2023,41,,202341,"[60102433,57039677,38986946,59922892,60099833,60069973,59977596,60093138,40563249,60061845]",10,325,225,
12,0,12,2023,41,,202341,"[55871100,2538678,60122645,60150074,60129942,60131074,59882676,60106992,60138712,60154242]",10,66,36,
2,0,13,2023,41,,202341,"[60215739,60238958]",10,21,19,
3,0,14,2023,41,,202341,"[54481132,60288502]",10,25,17,
2,0,15,2023,41,,202341,"[60347556,60350734]",10,27,21,
4,0,16,2023,42,,202342,"[60428363,53808313,60402484,60411546]",10,68,33,
4,0,17,2023,42,,202342,"[38003780,28382703,60497387,34737641]",10,41,26,
12,0,18,2023,42,,202342,"[48599162,36134728,2538678,48223746,60628812,60632023,59795711,49769991,60545491,50390703,60642248,32346259]",10,97,58,
11,0,19,2023,42,,202342,"[60662354,59393024,1360272,60716482,60632023,46024646,56948605,60665056,60677110]",10,82,47,
5,0,20,2023,42,,202342,"[60799541,60784329,56023199,46451502,60762480]",10,102,78,
2,0,21,2023,42,,202342,"[60842481,60831629]",10,38,26,
8,0,22,2023,42,,202342,"[60855313,60862992]",10,63,18,
5,0,23,2023,43,,202343,"[56058611,61012728,61027130,60911758,60878036]",10,40,21,
3,0,24,2023,43,,202343,"[61123705,61071738,19865856]",10,44,18,
6,0,25,2023,43,,202343,"[61151381,59072707,33363659,61180105,33289281,61155867]",10,42,24,
8,0,26,2023,43,,202343,"[36874229,28529645,61304462]",10,38,19,
2,0,27,2023,43,,202343,"[25639462,56092425]",10,28,19,
5,0,28,2023,43,,202343,"[61383300,55170499,61399917,4597254]",10,20,14,
5,0,29,2023,43,,202343,"[61426757,61436460,7502903,41737725,61447283]",10,38,25,
10,0,30,2023,44,,202344,"[61461136,31972419,61489955,61474886,61487760,61549661,61546599,59378194,61482314,61548064]",10,115,56,
10,0,31,2023,44,,202344,"[61635660,61027644,61610694,61595468,61570436,61601103,61610691,11054819,61631036]",10,92,61,
3,0,1,2023,44,,202344,"[61652339,61644680,61679891]",11,38,24,
1,0,2,2023,44,,202344,"[41402186]",11,13,12,
1,0,3,2023,44,,202344,"[61910400]",11,8,4,
2,0,4,2023,44,,202344,"[61948557,61955436]",11,11,6,
1,0,5,2023,44,,202344,"[62014900]",11,17,13,
4,0,6,2023,45,,202345,"[39447504,62071798,12829896,32799222]",11,29,20,
3,0,7,2023,45,,202345,"[32888346,21599161,9932256]",11,43,28,
4,0,8,2023,45,,202345,"[62307850,62289634,62324259,60873146]",11,105,75,
5,0,9,2023,45,,202345,"[62396336,62329248,62379962,62397230,56862374]",11,44,32,
4,0,10,2023,45,,202345,"[62451927,62468838,56913888,42778570]",11,41,32,
1,0,11,2023,45,,202345,"[62505045]",11,23,16,
4,0,12,2023,45,,202345,"[20469645,61153786,44053407,62532978]",11,44,25,
6,0,13,2023,46,,202346,"[35592202,62585906,34363474,62666237,62658327]",11,49,21,
15,0,14,2023,46,,202346,"[62792328,62737102,62790242,62263362,62718976,62314529,62767612,62690426,62786504,62787122,62776510,62792725,62789719,62295140]",11,183,89,
19,0,15,2023,46,,202346,"[62808635,62812979,5037090,62805476,62870736,62821907,62247359,62838745,62264664,61719542,62873969,62836438,62263929,62823799,62823258,62249913,62849819,62854563,62881351]",11,179,85,
12,0,16,2023,46,,202346,"[62917961,62946354,48122181,62962521,62907808,62899628,62264289,62264337,62960275,62968091,25189466,62897533]",11,108,62,
10,0,17,2023,46,,202346,"[62970018,62978391,62266154,62245497,62970064,62247472,62934769,62266077,62717268]",11,84,54,
1,0,18,2023,46,,202346,"[63070557]",11,33,22,
4,0,19,2023,46,,202346,"[63089478,16079390,63107343,47543581]",11,35,18,
6,0,20,2023,47,,202347,"[63166971,63193726,63190986,63194268,63125996,63136544]",11,43,28,
8,0,21,2023,47,,202347,"[58440787,51102833,49279669,63247840,63287645,61437536]",11,55,36,
2,0,22,2023,47,,202347,"[38998774,63317135]",11,52,33,
4,0,23,2023,47,,202347,"[63436833,63468680,63432783,43993968]",11,43,28,
2,0,24,2023,47,,202347,"[57519320,63503469]",11,35,23,
1,0,25,2023,47,,202347,"[63559143]",11,21,10,
5,0,26,2023,47,,202347,"[43052204,42621702,63597240,62245472,63604670]",11,33,18,
4,0,27,2023,48,,202348,"[63659810,63639186,63623613,63699646]",11,91,46,
7,0,28,2023,48,,202348,"[63716904,63791105,63791642,63759015,63751884,63785451]",11,34,20,
1,0,29,2023,48,,202348,"[63861418]",11,36,23,
9,0,30,2023,48,,202348,"[9889632,63920036,63904605,63895934,63913750,63949927,20049094,25475224,62286092]",11,89,49,
3,0,1,2023,48,,202348,"[63983245,63979374,64029719]",12,47,26,
0,0,2,2023,48,,202348,"[]",12,12,9,
3,0,3,2023,48,,202348,"[64100136,34148815,64110240]",12,28,15,
11,0,4,2023,49,,202349,"[64168849,56092425,64172813,43004888,64190771,629827,64158784,64197490,64200702,64162241]",12,86,49,
6,0,5,2023,49,,202349,"[64400534,25831418,64354183,64363400,64404602,46271818]",12,48,22,
4,0,6,2023,49,,202349,"[64461561,32579963,63308669,64447775]",12,62,46,
4,0,7,2023,49,,202349,"[64546642,64577323,64515265,64559476]",12,32,18,
9,0,8,2023,49,,202349,"[64608433,52246739,48693560,64610867,62988734,64633272,64605605,64642251,64623771]",12,52,28,
2,0,9,2023,49,,202349,"[64660198,64684019]",12,34,27,
0,0,10,2023,49,,202349,"[]",12,14,12,
8,0,11,2023,50,,202350,"[51102833,64808742,64795122,64608433,64812831,64777416,64769760,64740959]",12,90,55,
2,0,12,2023,50,,202350,"[63221358,64830199]",12,31,20,
3,0,13,2023,50,,202350,"[23254874,64988873,64931396]",12,19,11,
10,0,14,2023,50,,202350,"[65011707,65077659,3713008,65055791,55512072,65061247,58294170,48306487,65083755]",12,103,71,
6,0,15,2023,50,,202350,"[65116272,65113461,65106229,9457373,14494915,65130356]",12,91,63,
3,0,16,2023,50,,202350,"[24537153,10035535,65188320]",12,21,12,
4,0,17,2023,50,,202350,"[65197280,51102833,27842664,65209630]",12,33,19,
3,0,18,2023,51,,202351,"[65253132,59788988,65283247]",12,69,36,
7,0,19,2023,51,,202351,"[65358178,65369615,64769523,59934677,65367013,65322623,65382161]",12,49,26,
3,0,20,2023,51,,202351,"[65448720,65443096,65394954]",12,28,19,
5,0,21,2023,51,,202351,"[65508806,65507280,65538269,65561157,65504402]",12,56,37,
0,0,22,2023,51,,202351,"[]",12,20,13,
1,0,23,2023,51,,202351,"[49631201]",12,14,9,
4,0,24,2023,51,,202351,"[49631201]",12,31,11,
2,0,25,2023,52,,202352,"[65706418,32995850]",12,16,11,
6,0,26,2023,52,,202352,"[65507280,65708852,65707701,65755679]",12,27,12,
4,0,27,2023,52,,202352,"[62707712,65800834,65829292]",12,21,9,
3,0,28,2023,52,,202352,"[65902404,4761542,53018533]",12,22,13,
2,0,29,2023,52,,202352,"[65943925,65953661]",12,16,11,
2,0,30,2023,52,,202352,"[21990521,65981679]",12,16,8,
3,0,31,2023,52,,202352,"[66007078,66009358,66003495]",12,18,11,
1,0,1,2024,1,,20241,"[53827088]",1,9,7,
5,0,2,2024,1,,20241,"[56023199,66069742,34840061,66126714,66080790]",1,41,29,
4,0,3,2024,1,,20241,"[29953210,66217560,66165261,65869534]",1,41,23,
1,0,4,2024,1,,20241,"[38595185]",1,14,11,
1,0,5,2024,1,,20241,"[66368294]",1,10,6,
3,0,7,2024,1,,20241,"[66484257,66482832,66487319]",1,17,11,
3,0,8,2024,2,,20242,"[55752905,34000135,66540846]",1,32,20,
6,0,9,2024,2,,20242,"[66644930,34000135,66664230,66707446,47016781]",1,27,13,
4,0,10,2024,2,,20242,"[66793724,66782090,66771333,66758491]",1,72,38,
7,0,11,2024,2,,20242,"[66951319,66849668,66871058,50999220,2329370,66916012,53495249]",1,43,26,
3,0,12,2024,2,,20242,"[66930377,67007696,66974911]",1,39,14,
1,0,13,2024,2,,20242,"[67093449]",1,10,6,
3,0,14,2024,2,,20242,"[67146416,59901559,67105688]",1,15,9,
6,0,15,2024,3,,20243,"[56196578,67175900,67182466,67169613,67261576,67232892]",1,195,141,
7,0,16,2024,3,,20243,"[64830199,67311601,67319663,67329447,67278116,67352992,67321681]",1,59,47,
2,0,17,2024,3,,20243,"[67427265,46970354]",1,43,32,
12,0,18,2024,3,,20243,"[67531916,64608433,67567576,51102833,62916757,19316157,67585073,67514479,40144925,45618171]",1,82,47,
5,0,19,2024,3,,20243,"[43004888,25890516,67678272,67658880,53495249]",1,42,29,
3,0,20,2024,3,,20243,"[64795122,61123705,67707087]",1,17,11,
7,0,21,2024,3,,20243,"[67768150,67770172,67741230,67749090,67759094,67780432,67770991]",1,38,24,
10,0,22,2024,4,,20244,"[67801348,67441833,67816107,67814812,67845907,52320866]",1,99,61,
8,0,23,2024,4,,20244,"[67943429,28116096,39021115,31095505,51893061,67969691,24363776,67981738]",1,52,32,
9,0,24,2024,4,,20244,"[49390769,68061529,68065239,68111245,19625757,68034403,68011255,68094565]",1,92,61,
10,0,25,2024,4,,20244,"[13130160,68223772,68257178,48020482,35168091,68145434,68250706,68187896,68250147,61298118]",1,116,85,
10,0,26,2024,4,,20244,"[68295438,29753714,68337080,68337113,68320907,68352199,68323000,51882651,68334019,49573816]",1,73,52,
2,0,27,2024,4,,20244,"[35528926,36531695]",1,22,14,
3,0,28,2024,4,,20244,"[68558593,68539872,45618171]",1,19,16,
19,0,29,2024,5,,20245,"[68634351,68573368,68576628,68598614,48693560,68568416,68590309,68655601,55233863,221,68644655,68586621,59451115,68655661,52197157,58392903,68655968,14038168,68584235]",1,97,56,
8,0,30,2024,5,,20245,"[14999734,68721998,68739012,56279809,47601339,68714985,57917160,68773547]",1,61,42,
18,0,31,2024,5,,20245,"[68890710,68901070,68818312,41053286,68866798,68896715,68840634,68814974,68888469,47921381,24537153,35003240,68789975,65369615,68785806,68834166,68804678,55652913]",1,109,57,
14,0,1,2024,5,,20245,"[68920438,68997278,50719090,68910533,28279026,35953495,68952488,68948647,68986191,68978423]",2,93,50,
3,0,2,2024,5,,20245,"[69111663,52450775,69134172]",2,29,17,
4,0,3,2024,5,,20245,"[69174044,59010502,69177661,69171584]",2,19,13,
1,0,4,2024,5,,20245,"[69235868]",2,14,11,
9,0,5,2024,6,,20246,"[69292957,69345705,69298034,69351029,69325899,69263611,69305116,37620489,69325417]",2,76,42,
11,0,6,2024,6,,20246,"[69479591,69367422,69345705,69411907,69458771,69395053,69399128,69418189,69456543,69447432,63597240]",2,163,89,
18,0,7,2024,6,,20246,"[41877564,61652339,69518451,56286417,69521202,32721141,24363776,69518438,69507593,69606604,69599785,69598281,69607437,69617949,69541693,69608016]",2,143,76,
7,0,8,2024,6,,20246,"[69728160,69730382,69673655,69682641,48903087,69674848]",2,56,33,
7,0,9,2024,6,,20246,"[69814581,51102833,34506857,69829500,69837388,64053576,69772190]",2,62,36,
6,0,10,2024,6,,20246,"[69880901,42531713,37620489,69867712,69863317]",2,27,14,
4,0,11,2024,6,,20246,"[69910378,69927103,69894049,69900400]",2,31,20,
8,0,12,2024,7,,20247,"[69953462,64769523,69945426,69937431,69957855,65843662]",2,74,50,
5,0,13,2024,7,,20247,"[41877564,70246833,70160617,70088973,70362463]",2,47,26,
0,0,7,2018,49,,201849,"[]",12,0,0,
0,0,8,2018,49,,201849,"[]",12,0,0,
0,0,9,2018,49,,201849,"[]",12,0,0,
0,0,10,2018,50,,201850,"[]",12,0,0,
0,0,11,2018,50,,201850,"[]",12,0,0,
0,0,12,2018,50,,201850,"[]",12,0,0,
0,0,13,2018,50,,201850,"[]",12,0,0,
0,0,14,2018,50,,201850,"[]",12,0,0,
0,0,15,2018,50,,201850,"[]",12,0,0,
0,0,16,2018,50,,201850,"[]",12,0,0,
0,0,17,2018,51,,201851,"[]",12,0,0,
0,0,18,2018,51,,201851,"[]",12,0,0,
0,0,19,2018,51,,201851,"[]",12,0,0,
0,0,20,2018,51,,201851,"[]",12,0,0,
0,0,21,2018,51,,201851,"[]",12,0,0,
0,0,22,2018,51,,201851,"[]",12,0,0,
0,0,23,2018,51,,201851,"[]",12,0,0,
0,0,24,2018,52,,201852,"[]",12,0,0,
0,0,25,2018,52,,201852,"[]",12,0,0,
0,0,26,2018,52,,201852,"[]",12,0,0,
0,0,27,2018,52,,201852,"[]",12,0,0,
0,0,28,2018,52,,201852,"[]",12,0,0,
0,0,29,2018,52,,201852,"[]",12,0,0,
0,0,30,2018,52,,201852,"[]",12,0,0,
0,0,31,2018,1,,20181,"[]",12,0,0,
0,0,1,2019,1,,20191,"[]",1,0,0,
0,0,2,2019,1,,20191,"[]",1,0,0,
0,0,3,2019,1,,20191,"[]",1,0,0,
0,0,4,2019,1,,20191,"[]",1,0,0,
0,0,5,2019,1,,20191,"[]",1,0,0,
0,0,6,2019,1,,20191,"[]",1,0,0,
0,0,7,2019,2,,20192,"[]",1,0,0,
0,0,8,2019,2,,20192,"[]",1,0,0,
0,0,9,2019,2,,20192,"[]",1,0,0,
0,0,10,2019,2,,20192,"[]",1,0,0,
0,0,11,2019,2,,20192,"[]",1,0,0,
0,0,12,2019,2,,20192,"[]",1,0,0,
0,0,13,2019,2,,20192,"[]",1,0,0,
0,0,14,2019,3,,20193,"[]",1,0,0,
0,0,15,2019,3,,20193,"[]",1,0,0,
0,0,16,2019,3,,20193,"[]",1,0,0,
0,0,17,2019,3,,20193,"[]",1,0,0,
0,0,18,2019,3,,20193,"[]",1,0,0,
0,0,19,2019,3,,20193,"[]",1,0,0,
0,0,20,2019,3,,20193,"[]",1,0,0,
0,0,21,2019,4,,20194,"[]",1,0,0,
0,0,22,2019,4,,20194,"[]",1,0,0,
0,0,23,2019,4,,20194,"[]",1,0,0,
0,0,24,2019,4,,20194,"[]",1,0,0,
0,0,25,2019,4,,20194,"[]",1,0,0,
0,0,26,2019,4,,20194,"[]",1,0,0,
0,0,27,2019,4,,20194,"[]",1,0,0,
0,0,28,2019,5,,20195,"[]",1,0,0,
0,0,29,2019,5,,20195,"[]",1,0,0,
0,0,30,2019,5,,20195,"[]",1,0,0,
0,0,31,2019,5,,20195,"[]",1,0,0,
0,0,1,2019,5,,20195,"[]",2,0,0,
0,0,2,2019,5,,20195,"[]",2,0,0,
0,0,3,2019,5,,20195,"[]",2,0,0,
0,0,4,2019,6,,20196,"[]",2,0,0,
0,0,5,2019,6,,20196,"[]",2,0,0,
0,0,6,2019,6,,20196,"[]",2,0,0,
0,0,7,2019,6,,20196,"[]",2,0,0,
0,0,8,2019,6,,20196,"[]",2,0,0,
0,0,9,2019,6,,20196,"[]",2,0,0,
0,0,10,2019,6,,20196,"[]",2,0,0,
0,0,11,2019,7,,20197,"[]",2,0,0,
0,0,12,2019,7,,20197,"[]",2,0,0,
0,0,13,2019,7,,20197,"[]",2,0,0,
0,0,14,2019,7,,20197,"[]",2,0,0,
0,0,15,2019,7,,20197,"[]",2,0,0,
0,0,16,2019,7,,20197,"[]",2,0,0,
0,0,17,2019,7,,20197,"[]",2,0,0,
0,0,18,2019,8,,20198,"[]",2,0,0,
0,0,19,2019,8,,20198,"[]",2,0,0,
0,0,20,2019,8,,20198,"[]",2,0,0,
0,0,21,2019,8,,20198,"[]",2,0,0,
0,0,22,2019,8,,20198,"[]",2,0,0,
0,0,23,2019,8,,20198,"[]",2,0,0,
0,0,24,2019,8,,20198,"[]",2,0,0,
0,0,25,2019,9,,20199,"[]",2,0,0,
0,0,26,2019,9,,20199,"[]",2,0,0,
0,0,27,2019,9,,20199,"[]",2,0,0,
0,0,28,2019,9,,20199,"[]",2,0,0,
0,0,1,2019,9,,20199,"[]",3,0,0,
0,0,2,2019,9,,20199,"[]",3,0,0,
0,0,3,2019,9,,20199,"[]",3,0,0,
0,0,4,2019,10,,201910,"[]",3,0,0,
0,0,5,2019,10,,201910,"[]",3,0,0,
0,0,6,2019,10,,201910,"[]",3,0,0,
0,0,7,2019,10,,201910,"[]",3,0,0,
0,0,8,2019,10,,201910,"[]",3,0,0,
0,0,9,2019,10,,201910,"[]",3,0,0,
0,0,10,2019,10,,201910,"[]",3,0,0,
0,0,11,2019,11,,201911,"[]",3,0,0,
0,0,12,2019,11,,201911,"[]",3,0,0,
0,0,13,2019,11,,201911,"[]",3,0,0,
0,0,14,2019,11,,201911,"[]",3,0,0,
0,0,15,2019,11,,201911,"[]",3,0,0,
0,0,16,2019,11,,201911,"[]",3,0,0,
0,0,17,2019,11,,201911,"[]",3,0,0,
0,0,18,2019,12,,201912,"[]",3,0,0,
0,0,19,2019,12,,201912,"[]",3,0,0,
0,0,20,2019,12,,201912,"[]",3,0,0,
0,0,21,2019,12,,201912,"[]",3,0,0,
0,0,22,2019,12,,201912,"[]",3,0,0,
0,0,23,2019,12,,201912,"[]",3,0,0,
0,0,24,2019,12,,201912,"[]",3,0,0,
0,0,25,2019,13,,201913,"[]",3,0,0,
0,0,26,2019,13,,201913,"[]",3,0,0,
0,0,27,2019,13,,201913,"[]",3,0,0,
0,0,28,2019,13,,201913,"[]",3,0,0,
0,0,29,2019,13,,201913,"[]",3,0,0,
0,0,30,2019,13,,201913,"[]",3,0,0,
0,0,31,2019,13,,201913,"[]",3,0,0,
0,0,1,2019,14,,201914,"[]",4,0,0,
0,0,2,2019,14,,201914,"[]",4,0,0,
0,0,3,2019,14,,201914,"[]",4,0,0,
0,0,4,2019,14,,201914,"[]",4,0,0,
0,0,5,2019,14,,201914,"[]",4,0,0,
0,0,6,2019,14,,201914,"[]",4,0,0,
0,0,7,2019,14,,201914,"[]",4,0,0,
0,0,8,2019,15,,201915,"[]",4,0,0,
0,0,9,2019,15,,201915,"[]",4,0,0,
0,0,10,2019,15,,201915,"[]",4,0,0,
0,0,11,2019,15,,201915,"[]",4,0,0,
0,0,12,2019,15,,201915,"[]",4,0,0,
0,0,13,2019,15,,201915,"[]",4,0,0,
0,0,14,2019,15,,201915,"[]",4,0,0,
0,0,15,2019,16,,201916,"[]",4,0,0,
0,0,16,2019,16,,201916,"[]",4,0,0,
0,0,17,2019,16,,201916,"[]",4,0,0,
0,0,18,2019,16,,201916,"[]",4,0,0,
0,0,19,2019,16,,201916,"[]",4,0,0,
0,0,20,2019,16,,201916,"[]",4,0,0,
0,0,21,2019,16,,201916,"[]",4,0,0,
0,0,22,2019,17,,201917,"[]",4,0,0,
0,0,23,2019,17,,201917,"[]",4,0,0,
0,0,24,2019,17,,201917,"[]",4,0,0,
0,0,25,2019,17,,201917,"[]",4,0,0,
0,0,26,2019,17,,201917,"[]",4,0,0,
0,0,27,2019,17,,201917,"[]",4,0,0,
0,0,28,2019,17,,201917,"[]",4,0,0,
0,0,29,2019,18,,201918,"[]",4,0,0,
0,0,30,2019,18,,201918,"[]",4,0,0,
0,0,1,2019,18,,201918,"[]",5,0,0,
0,0,2,2019,18,,201918,"[]",5,0,0,
0,0,3,2019,18,,201918,"[]",5,0,0,
0,0,4,2019,18,,201918,"[]",5,0,0,
0,0,5,2019,18,,201918,"[]",5,0,0,
0,0,6,2019,19,,201919,"[]",5,0,0,
0,0,7,2019,19,,201919,"[]",5,0,0,
0,0,8,2019,19,,201919,"[]",5,0,0,
0,0,9,2019,19,,201919,"[]",5,0,0,
0,0,10,2019,19,,201919,"[]",5,0,0,
0,0,11,2019,19,,201919,"[]",5,0,0,
0,0,12,2019,19,,201919,"[]",5,0,0,
0,0,13,2019,20,,201920,"[]",5,0,0,
0,0,14,2019,20,,201920,"[]",5,0,0,
0,0,15,2019,20,,201920,"[]",5,0,0,
0,0,16,2019,20,,201920,"[]",5,0,0,
0,0,17,2019,20,,201920,"[]",5,0,0,
0,0,18,2019,20,,201920,"[]",5,0,0,
0,0,19,2019,20,,201920,"[]",5,0,0,
0,0,20,2019,21,,201921,"[]",5,0,0,
0,0,21,2019,21,,201921,"[]",5,0,0,
0,0,22,2019,21,,201921,"[]",5,0,0,
0,0,23,2019,21,,201921,"[]",5,0,0,
0,0,24,2019,21,,201921,"[]",5,0,0,
0,0,25,2019,21,,201921,"[]",5,0,0,
0,0,26,2019,21,,201921,"[]",5,0,0,
0,0,27,2019,22,,201922,"[]",5,0,0,
0,0,28,2019,22,,201922,"[]",5,0,0,
0,0,29,2019,22,,201922,"[]",5,0,0,
0,0,30,2019,22,,201922,"[]",5,0,0,
0,0,31,2019,22,,201922,"[]",5,0,0,
0,0,1,2019,22,,201922,"[]",6,0,0,
0,0,2,2019,22,,201922,"[]",6,0,0,
0,0,3,2019,23,,201923,"[]",6,0,0,
0,0,4,2019,23,,201923,"[]",6,0,0,
0,0,5,2019,23,,201923,"[]",6,0,0,
0,0,6,2019,23,,201923,"[]",6,0,0,
0,0,7,2019,23,,201923,"[]",6,0,0,
0,0,8,2019,23,,201923,"[]",6,0,0,
0,0,9,2019,23,,201923,"[]",6,0,0,
0,0,10,2019,24,,201924,"[]",6,0,0,
0,0,11,2019,24,,201924,"[]",6,0,0,
0,0,12,2019,24,,201924,"[]",6,0,0,
0,0,13,2019,24,,201924,"[]",6,0,0,
0,0,14,2019,24,,201924,"[]",6,0,0,
0,0,15,2019,24,,201924,"[]",6,0,0,
0,0,16,2019,24,,201924,"[]",6,0,0,
0,0,17,2019,25,,201925,"[]",6,0,0,
0,0,18,2019,25,,201925,"[]",6,0,0,
0,0,19,2019,25,,201925,"[]",6,0,0,
0,0,20,2019,25,,201925,"[]",6,0,0,
0,0,21,2019,25,,201925,"[]",6,0,0,
0,0,22,2019,25,,201925,"[]",6,0,0,
0,0,23,2019,25,,201925,"[]",6,0,0,
0,0,24,2019,26,,201926,"[]",6,0,0,
0,0,25,2019,26,,201926,"[]",6,0,0,
0,0,26,2019,26,,201926,"[]",6,0,0,
0,0,27,2019,26,,201926,"[]",6,0,0,
0,0,28,2019,26,,201926,"[]",6,0,0,
0,0,29,2019,26,,201926,"[]",6,0,0,
0,0,30,2019,26,,201926,"[]",6,0,0,
0,0,1,2019,27,,201927,"[]",7,0,0,
0,0,2,2019,27,,201927,"[]",7,0,0,
0,0,3,2019,27,,201927,"[]",7,0,0,
0,0,4,2019,27,,201927,"[]",7,0,0,
0,0,5,2019,27,,201927,"[]",7,0,0,
0,0,6,2019,27,,201927,"[]",7,0,0,
0,0,7,2019,27,,201927,"[]",7,0,0,
0,0,8,2019,28,,201928,"[]",7,0,0,
0,0,9,2019,28,,201928,"[]",7,0,0,
0,0,10,2019,28,,201928,"[]",7,0,0,
0,0,11,2019,28,,201928,"[]",7,0,0,
0,0,12,2019,28,,201928,"[]",7,0,0,
0,0,13,2019,28,,201928,"[]",7,0,0,
0,0,14,2019,28,,201928,"[]",7,0,0,
0,0,15,2019,29,,201929,"[]",7,0,0,
0,0,16,2019,29,,201929,"[]",7,0,0,
0,0,17,2019,29,,201929,"[]",7,0,0,
0,0,18,2019,29,,201929,"[]",7,0,0,
0,0,19,2019,29,,201929,"[]",7,0,0,
0,0,20,2019,29,,201929,"[]",7,0,0,
0,0,21,2019,29,,201929,"[]",7,0,0,
0,0,22,2019,30,,201930,"[]",7,0,0,
0,0,23,2019,30,,201930,"[]",7,0,0,
0,0,24,2019,30,,201930,"[]",7,0,0,
0,0,25,2019,30,,201930,"[]",7,0,0,
0,0,26,2019,30,,201930,"[]",7,0,0,
0,0,27,2019,30,,201930,"[]",7,0,0,
0,0,28,2019,30,,201930,"[]",7,0,0,
0,0,29,2019,31,,201931,"[]",7,0,0,
0,0,30,2019,31,,201931,"[]",7,0,0,
0,0,31,2019,31,,201931,"[]",7,0,0,
0,0,1,2019,31,,201931,"[]",8,0,0,
0,0,2,2019,31,,201931,"[]",8,0,0,
0,0,3,2019,31,,201931,"[]",8,0,0,
0,0,4,2019,31,,201931,"[]",8,0,0,
0,0,5,2019,32,,201932,"[]",8,0,0,
0,0,6,2019,32,,201932,"[]",8,0,0,
0,0,7,2019,32,,201932,"[]",8,0,0,
0,0,8,2019,32,,201932,"[]",8,0,0,
0,0,9,2019,32,,201932,"[]",8,0,0,
0,0,10,2019,32,,201932,"[]",8,0,0,
0,0,11,2019,32,,201932,"[]",8,0,0,
0,0,12,2019,33,,201933,"[]",8,0,0,
0,0,13,2019,33,,201933,"[]",8,0,0,
0,0,14,2019,33,,201933,"[]",8,0,0,
0,0,15,2019,33,,201933,"[]",8,0,0,
0,0,16,2019,33,,201933,"[]",8,0,0,
0,0,17,2019,33,,201933,"[]",8,0,0,
0,0,18,2019,33,,201933,"[]",8,0,0,
0,0,19,2019,34,,201934,"[]",8,0,0,
0,0,20,2019,34,,201934,"[]",8,0,0,
0,0,21,2019,34,,201934,"[]",8,0,0,
0,0,22,2019,34,,201934,"[]",8,0,0,
0,0,23,2019,34,,201934,"[]",8,0,0,
0,0,24,2019,34,,201934,"[]",8,0,0,
0,0,25,2019,34,,201934,"[]",8,0,0,
0,0,26,2019,35,,201935,"[]",8,0,0,
0,0,27,2019,35,,201935,"[]",8,0,0,
0,0,28,2019,35,,201935,"[]",8,0,0,
0,0,29,2019,35,,201935,"[]",8,0,0,
0,0,30,2019,35,,201935,"[]",8,0,0,
0,0,31,2019,35,,201935,"[]",8,0,0,
0,0,1,2019,35,,201935,"[]",9,0,0,
0,0,2,2019,36,,201936,"[]",9,0,0,
0,0,3,2019,36,,201936,"[]",9,0,0,
0,0,4,2019,36,,201936,"[]",9,0,0,
0,0,5,2019,36,,201936,"[]",9,0,0,
0,0,6,2019,36,,201936,"[]",9,0,0,
0,0,7,2019,36,,201936,"[]",9,0,0,
0,0,8,2019,36,,201936,"[]",9,0,0,
0,0,9,2019,37,,201937,"[]",9,0,0,
0,0,10,2019,37,,201937,"[]",9,0,0,
0,0,11,2019,37,,201937,"[]",9,0,0,
0,0,12,2019,37,,201937,"[]",9,0,0,
0,0,13,2019,37,,201937,"[]",9,0,0,
0,0,14,2019,37,,201937,"[]",9,0,0,
0,0,15,2019,37,,201937,"[]",9,0,0,
0,0,16,2019,38,,201938,"[]",9,0,0,
0,0,17,2019,38,,201938,"[]",9,0,0,
0,0,18,2019,38,,201938,"[]",9,0,0,
0,0,19,2019,38,,201938,"[]",9,0,0,
0,0,20,2019,38,,201938,"[]",9,0,0,
0,0,21,2019,38,,201938,"[]",9,0,0,
0,0,22,2019,38,,201938,"[]",9,0,0,
0,0,23,2019,39,,201939,"[]",9,0,0,
0,0,24,2019,39,,201939,"[]",9,0,0,
0,0,25,2019,39,,201939,"[]",9,0,0,
0,0,26,2019,39,,201939,"[]",9,0,0,
0,0,27,2019,39,,201939,"[]",9,0,0,
0,0,28,2019,39,,201939,"[]",9,0,0,
0,0,29,2019,39,,201939,"[]",9,0,0,
0,0,30,2019,40,,201940,"[]",9,0,0,
0,0,1,2019,40,,201940,"[]",10,0,0,
0,0,2,2019,40,,201940,"[]",10,0,0,
0,0,3,2019,40,,201940,"[]",10,0,0,
0,0,4,2019,40,,201940,"[]",10,0,0,
0,0,5,2019,40,,201940,"[]",10,0,0,
0,0,6,2019,40,,201940,"[]",10,0,0,
0,0,7,2019,41,,201941,"[]",10,0,0,
0,0,8,2019,41,,201941,"[]",10,0,0,
0,0,9,2019,41,,201941,"[]",10,0,0,
0,0,10,2019,41,,201941,"[]",10,0,0,
0,0,11,2019,41,,201941,"[]",10,0,0,
0,0,12,2019,41,,201941,"[]",10,0,0,
0,0,13,2019,41,,201941,"[]",10,0,0,
0,0,14,2019,42,,201942,"[]",10,0,0,
0,0,15,2019,42,,201942,"[]",10,0,0,
0,0,16,2019,42,,201942,"[]",10,0,0,
0,0,17,2019,42,,201942,"[]",10,0,0,
0,0,18,2019,42,,201942,"[]",10,0,0,
0,0,19,2019,42,,201942,"[]",10,0,0,
0,0,20,2019,42,,201942,"[]",10,0,0,
0,0,21,2019,43,,201943,"[]",10,0,0,
0,0,22,2019,43,,201943,"[]",10,0,0,
0,0,23,2019,43,,201943,"[]",10,0,0,
0,0,24,2019,43,,201943,"[]",10,0,0,
0,0,25,2019,43,,201943,"[]",10,0,0,
0,0,26,2019,43,,201943,"[]",10,0,0,
0,0,27,2019,43,,201943,"[]",10,0,0,
0,0,28,2019,44,,201944,"[]",10,0,0,
0,0,29,2019,44,,201944,"[]",10,0,0,
0,0,30,2019,44,,201944,"[]",10,0,0,
0,0,31,2019,44,,201944,"[]",10,0,0,
0,0,1,2019,44,,201944,"[]",11,0,0,
0,0,2,2019,44,,201944,"[]",11,0,0,
0,0,3,2019,44,,201944,"[]",11,0,0,
0,0,4,2019,45,,201945,"[]",11,0,0,
0,0,5,2019,45,,201945,"[]",11,0,0,
0,0,6,2019,45,,201945,"[]",11,0,0,
0,0,7,2019,45,,201945,"[]",11,0,0,
0,0,8,2019,45,,201945,"[]",11,0,0,
0,0,9,2019,45,,201945,"[]",11,0,0,
0,0,10,2019,45,,201945,"[]",11,0,0,
0,0,11,2019,46,,201946,"[]",11,0,0,
0,0,12,2019,46,,201946,"[]",11,0,0,
0,0,13,2019,46,,201946,"[]",11,0,0,
0,0,14,2019,46,,201946,"[]",11,0,0,
0,0,15,2019,46,,201946,"[]",11,0,0,
0,0,16,2019,46,,201946,"[]",11,0,0,
0,0,17,2019,46,,201946,"[]",11,0,0,
0,0,18,2019,47,,201947,"[]",11,0,0,
0,0,19,2019,47,,201947,"[]",11,0,0,
0,0,20,2019,47,,201947,"[]",11,0,0,
0,0,21,2019,47,,201947,"[]",11,0,0,
0,0,22,2019,47,,201947,"[]",11,0,0,
0,0,23,2019,47,,201947,"[]",11,0,0,
0,0,24,2019,47,,201947,"[]",11,0,0,
0,0,25,2019,48,,201948,"[]",11,0,0,
0,0,26,2019,48,,201948,"[]",11,0,0,
0,0,27,2019,48,,201948,"[]",11,0,0,
0,0,28,2019,48,,201948,"[]",11,0,0,
0,0,29,2019,48,,201948,"[]",11,0,0,
0,0,30,2019,48,,201948,"[]",11,0,0,
0,0,1,2019,48,,201948,"[]",12,0,0,
0,0,2,2019,49,,201949,"[]",12,0,0,
0,0,3,2019,49,,201949,"[]",12,0,0,
0,0,4,2019,49,,201949,"[]",12,0,0,
0,0,5,2019,49,,201949,"[]",12,0,0,
0,0,6,2019,49,,201949,"[]",12,0,0,
0,0,7,2019,49,,201949,"[]",12,0,0,
0,0,8,2019,49,,201949,"[]",12,0,0,
0,0,9,2019,50,,201950,"[]",12,0,0,
0,0,10,2019,50,,201950,"[]",12,0,0,
0,0,11,2019,50,,201950,"[]",12,0,0,
0,0,12,2019,50,,201950,"[]",12,0,0,
0,0,13,2019,50,,201950,"[]",12,0,0,
0,0,14,2019,50,,201950,"[]",12,0,0,
0,0,15,2019,50,,201950,"[]",12,0,0,
0,0,16,2019,51,,201951,"[]",12,0,0,
0,0,17,2019,51,,201951,"[]",12,0,0,
0,0,18,2019,51,,201951,"[]",12,0,0,
0,0,19,2019,51,,201951,"[]",12,0,0,
0,0,20,2019,51,,201951,"[]",12,0,0,
0,0,21,2019,51,,201951,"[]",12,0,0,
0,0,22,2019,51,,201951,"[]",12,0,0,
0,0,23,2019,52,,201952,"[]",12,0,0,
0,0,24,2019,52,,201952,"[]",12,0,0,
0,0,25,2019,52,,201952,"[]",12,0,0,
0,0,26,2019,52,,201952,"[]",12,0,0,
0,0,27,2019,52,,201952,"[]",12,0,0,
0,0,28,2019,52,,201952,"[]",12,0,0,
0,0,29,2019,52,,201952,"[]",12,0,0,
0,0,30,2019,1,,20191,"[]",12,0,0,
0,0,31,2019,1,,20191,"[]",12,0,0,
0,0,1,2020,1,,20201,"[]",1,0,0,
0,0,2,2020,1,,20201,"[]",1,0,0,
0,0,3,2020,1,,20201,"[]",1,0,0,
0,0,4,2020,1,,20201,"[]",1,0,0,
0,0,5,2020,1,,20201,"[]",1,0,0,
0,0,6,2020,2,,20202,"[]",1,0,0,
0,0,7,2020,2,,20202,"[]",1,0,0,
0,0,8,2020,2,,20202,"[]",1,0,0,
0,0,9,2020,2,,20202,"[]",1,0,0,
0,0,10,2020,2,,20202,"[]",1,0,0,
0,0,11,2020,2,,20202,"[]",1,0,0,
0,0,12,2020,2,,20202,"[]",1,0,0,
0,0,13,2020,3,,20203,"[]",1,0,0,
0,0,14,2020,3,,20203,"[]",1,0,0,
0,0,15,2020,3,,20203,"[]",1,0,0,
0,0,16,2020,3,,20203,"[]",1,0,0,
0,0,17,2020,3,,20203,"[]",1,0,0,
0,0,18,2020,3,,20203,"[]",1,0,0,
0,0,19,2020,3,,20203,"[]",1,0,0,
0,0,20,2020,4,,20204,"[]",1,0,0,
0,0,21,2020,4,,20204,"[]",1,0,0,
0,0,22,2020,4,,20204,"[]",1,0,0,
0,0,23,2020,4,,20204,"[]",1,0,0,
0,0,24,2020,4,,20204,"[]",1,0,0,
0,0,25,2020,4,,20204,"[]",1,0,0,
0,0,26,2020,4,,20204,"[]",1,0,0,
0,0,27,2020,5,,20205,"[]",1,0,0,
0,0,28,2020,5,,20205,"[]",1,0,0,
0,0,29,2020,5,,20205,"[]",1,0,0,
0,0,30,2020,5,,20205,"[]",1,0,0,
0,0,31,2020,5,,20205,"[]",1,0,0,
0,0,1,2020,5,,20205,"[]",2,0,0,
0,0,2,2020,5,,20205,"[]",2,0,0,
0,0,3,2020,6,,20206,"[]",2,0,0,
0,0,4,2020,6,,20206,"[]",2,0,0,
0,0,5,2020,6,,20206,"[]",2,0,0,
0,0,6,2020,6,,20206,"[]",2,0,0,
0,0,7,2020,6,,20206,"[]",2,0,0,
0,0,8,2020,6,,20206,"[]",2,0,0,
0,0,9,2020,6,,20206,"[]",2,0,0,
0,0,10,2020,7,,20207,"[]",2,0,0,
0,0,11,2020,7,,20207,"[]",2,0,0,
0,0,12,2020,7,,20207,"[]",2,0,0,
0,0,13,2020,7,,20207,"[]",2,0,0,
0,0,14,2020,7,,20207,"[]",2,0,0,
0,0,15,2020,7,,20207,"[]",2,0,0,
0,0,16,2020,7,,20207,"[]",2,0,0,
0,0,17,2020,8,,20208,"[]",2,0,0,
0,0,18,2020,8,,20208,"[]",2,0,0,
0,0,19,2020,8,,20208,"[]",2,0,0,
0,0,20,2020,8,,20208,"[]",2,0,0,
0,0,21,2020,8,,20208,"[]",2,0,0,
0,0,22,2020,8,,20208,"[]",2,0,0,
0,0,23,2020,8,,20208,"[]",2,0,0,
0,0,24,2020,9,,20209,"[]",2,0,0,
0,0,25,2020,9,,20209,"[]",2,0,0,
0,0,26,2020,9,,20209,"[]",2,0,0,
0,0,27,2020,9,,20209,"[]",2,0,0,
0,0,28,2020,9,,20209,"[]",2,0,0,
0,0,29,2020,9,,20209,"[]",2,0,0,
0,0,1,2020,9,,20209,"[]",3,0,0,
0,0,2,2020,10,,202010,"[]",3,0,0,
0,0,3,2020,10,,202010,"[]",3,0,0,
0,0,4,2020,10,,202010,"[]",3,0,0,
0,0,5,2020,10,,202010,"[]",3,0,0,
0,0,6,2020,10,,202010,"[]",3,0,0,
0,0,7,2020,10,,202010,"[]",3,0,0,
0,0,8,2020,10,,202010,"[]",3,0,0,
0,0,9,2020,11,,202011,"[]",3,0,0,
0,0,10,2020,11,,202011,"[]",3,0,0,
0,0,11,2020,11,,202011,"[]",3,0,0,
0,0,12,2020,11,,202011,"[]",3,0,0,
0,0,13,2020,11,,202011,"[]",3,0,0,
0,0,14,2020,11,,202011,"[]",3,0,0,
0,0,15,2020,11,,202011,"[]",3,0,0,
0,0,16,2020,12,,202012,"[]",3,0,0,
0,0,17,2020,12,,202012,"[]",3,0,0,
0,0,18,2020,12,,202012,"[]",3,0,0,
0,0,19,2020,12,,202012,"[]",3,0,0,
0,0,20,2020,12,,202012,"[]",3,0,0,
0,0,21,2020,12,,202012,"[]",3,0,0,
0,0,22,2020,12,,202012,"[]",3,0,0,
0,0,23,2020,13,,202013,"[]",3,0,0,
0,0,24,2020,13,,202013,"[]",3,0,0,
0,0,25,2020,13,,202013,"[]",3,0,0,
0,0,26,2020,13,,202013,"[]",3,0,0,
0,0,27,2020,13,,202013,"[]",3,0,0,
0,0,28,2020,13,,202013,"[]",3,0,0,
0,0,29,2020,13,,202013,"[]",3,0,0,
0,0,30,2020,14,,202014,"[]",3,0,0,
0,0,31,2020,14,,202014,"[]",3,0,0,
0,0,1,2020,14,,202014,"[]",4,0,0,
0,0,2,2020,14,,202014,"[]",4,0,0,
0,0,3,2020,14,,202014,"[]",4,0,0,
0,0,4,2020,14,,202014,"[]",4,0,0,
0,0,5,2020,14,,202014,"[]",4,0,0,
0,0,6,2020,15,,202015,"[]",4,0,0,
0,0,7,2020,15,,202015,"[]",4,0,0,
0,0,8,2020,15,,202015,"[]",4,0,0,
0,0,9,2020,15,,202015,"[]",4,0,0,
0,0,10,2020,15,,202015,"[]",4,0,0,
0,0,11,2020,15,,202015,"[]",4,0,0,
0,0,12,2020,15,,202015,"[]",4,0,0,
0,0,13,2020,16,,202016,"[]",4,0,0,
0,0,14,2020,16,,202016,"[]",4,0,0,
0,0,15,2020,16,,202016,"[]",4,0,0,
0,0,16,2020,16,,202016,"[]",4,0,0,
0,0,17,2020,16,,202016,"[]",4,0,0,
0,0,18,2020,16,,202016,"[]",4,0,0,
0,0,19,2020,16,,202016,"[]",4,0,0,
0,0,20,2020,17,,202017,"[]",4,0,0,
0,0,21,2020,17,,202017,"[]",4,0,0,
0,0,22,2020,17,,202017,"[]",4,0,0,
0,0,23,2020,17,,202017,"[]",4,0,0,
0,0,24,2020,17,,202017,"[]",4,0,0,
0,0,25,2020,17,,202017,"[]",4,0,0,
0,0,26,2020,17,,202017,"[]",4,0,0,
0,0,27,2020,18,,202018,"[]",4,0,0,
0,0,28,2020,18,,202018,"[]",4,0,0,
0,0,29,2020,18,,202018,"[]",4,0,0,
0,0,30,2020,18,,202018,"[]",4,0,0,
0,0,1,2020,18,,202018,"[]",5,0,0,
0,0,2,2020,18,,202018,"[]",5,0,0,
0,0,3,2020,18,,202018,"[]",5,0,0,
0,0,4,2020,19,,202019,"[]",5,0,0,
0,0,5,2020,19,,202019,"[]",5,0,0,
0,0,6,2020,19,,202019,"[]",5,0,0,
0,0,7,2020,19,,202019,"[]",5,0,0,
0,0,8,2020,19,,202019,"[]",5,0,0,
0,0,9,2020,19,,202019,"[]",5,0,0,
0,0,10,2020,19,,202019,"[]",5,0,0,
0,0,11,2020,20,,202020,"[]",5,0,0,
0,0,12,2020,20,,202020,"[]",5,0,0,
0,0,13,2020,20,,202020,"[]",5,0,0,
0,0,14,2020,20,,202020,"[]",5,0,0,
0,0,15,2020,20,,202020,"[]",5,0,0,
0,0,16,2020,20,,202020,"[]",5,0,0,
0,0,17,2020,20,,202020,"[]",5,0,0,
0,0,18,2020,21,,202021,"[]",5,0,0,
0,0,19,2020,21,,202021,"[]",5,0,0,
0,0,20,2020,21,,202021,"[]",5,0,0,
0,0,21,2020,21,,202021,"[]",5,0,0,
0,0,22,2020,21,,202021,"[]",5,0,0,
0,0,23,2020,21,,202021,"[]",5,0,0,
0,0,24,2020,21,,202021,"[]",5,0,0,
0,0,25,2020,22,,202022,"[]",5,0,0,
0,0,26,2020,22,,202022,"[]",5,0,0,
0,0,27,2020,22,,202022,"[]",5,0,0,
0,0,28,2020,22,,202022,"[]",5,0,0,
0,0,29,2020,22,,202022,"[]",5,0,0,
0,0,30,2020,22,,202022,"[]",5,0,0,
0,0,31,2020,22,,202022,"[]",5,0,0,
0,0,1,2020,23,,202023,"[]",6,0,0,
0,0,2,2020,23,,202023,"[]",6,0,0,
0,0,3,2020,23,,202023,"[]",6,0,0,
0,0,4,2020,23,,202023,"[]",6,0,0,
0,0,5,2020,23,,202023,"[]",6,0,0,
0,0,6,2020,23,,202023,"[]",6,0,0,
0,0,7,2020,23,,202023,"[]",6,0,0,
0,0,8,2020,24,,202024,"[]",6,0,0,
0,0,9,2020,24,,202024,"[]",6,0,0,
0,0,10,2020,24,,202024,"[]",6,0,0,
0,0,11,2020,24,,202024,"[]",6,0,0,
0,0,12,2020,24,,202024,"[]",6,0,0,
0,0,13,2020,24,,202024,"[]",6,0,0,
0,0,14,2020,24,,202024,"[]",6,0,0,
0,0,15,2020,25,,202025,"[]",6,0,0,
0,0,16,2020,25,,202025,"[]",6,0,0,
0,0,17,2020,25,,202025,"[]",6,0,0,
0,0,18,2020,25,,202025,"[]",6,0,0,
0,0,19,2020,25,,202025,"[]",6,0,0,
0,0,20,2020,25,,202025,"[]",6,0,0,
0,0,21,2020,25,,202025,"[]",6,0,0,
0,0,22,2020,26,,202026,"[]",6,0,0,
0,0,23,2020,26,,202026,"[]",6,0,0,
0,0,24,2020,26,,202026,"[]",6,0,0,
0,0,25,2020,26,,202026,"[]",6,0,0,
0,0,26,2020,26,,202026,"[]",6,0,0,
0,0,27,2020,26,,202026,"[]",6,0,0,
0,0,28,2020,26,,202026,"[]",6,0,0,
0,0,29,2020,27,,202027,"[]",6,0,0,
0,0,30,2020,27,,202027,"[]",6,0,0,
0,0,1,2020,27,,202027,"[]",7,0,0,
0,0,2,2020,27,,202027,"[]",7,0,0,
0,0,3,2020,27,,202027,"[]",7,0,0,
0,0,4,2020,27,,202027,"[]",7,0,0,
0,0,5,2020,27,,202027,"[]",7,0,0,
0,0,6,2020,28,,202028,"[]",7,0,0,
0,0,7,2020,28,,202028,"[]",7,0,0,
0,0,8,2020,28,,202028,"[]",7,0,0,
0,0,9,2020,28,,202028,"[]",7,0,0,
0,0,10,2020,28,,202028,"[]",7,0,0,
0,0,11,2020,28,,202028,"[]",7,0,0,
0,0,12,2020,28,,202028,"[]",7,0,0,
0,0,13,2020,29,,202029,"[]",7,0,0,
0,0,14,2020,29,,202029,"[]",7,0,0,
0,0,15,2020,29,,202029,"[]",7,0,0,
0,0,16,2020,29,,202029,"[]",7,0,0,
0,0,17,2020,29,,202029,"[]",7,0,0,
0,0,18,2020,29,,202029,"[]",7,0,0,
0,0,19,2020,29,,202029,"[]",7,0,0,
0,0,20,2020,30,,202030,"[]",7,0,0,
0,0,21,2020,30,,202030,"[]",7,0,0,
0,0,22,2020,30,,202030,"[]",7,0,0,
0,0,23,2020,30,,202030,"[]",7,0,0,
0,0,24,2020,30,,202030,"[]",7,0,0,
0,0,25,2020,30,,202030,"[]",7,0,0,
0,0,26,2020,30,,202030,"[]",7,0,0,
0,0,27,2020,31,,202031,"[]",7,0,0,
0,0,28,2020,31,,202031,"[]",7,0,0,
0,0,29,2020,31,,202031,"[]",7,0,0,
0,0,30,2020,31,,202031,"[]",7,0,0,
0,0,31,2020,31,,202031,"[]",7,0,0,
0,0,1,2020,31,,202031,"[]",8,0,0,
0,0,2,2020,31,,202031,"[]",8,0,0,
0,0,3,2020,32,,202032,"[]",8,0,0,
0,0,4,2020,32,,202032,"[]",8,0,0,
0,0,5,2020,32,,202032,"[]",8,0,0,
0,0,6,2020,32,,202032,"[]",8,0,0,
0,0,7,2020,32,,202032,"[]",8,0,0,
0,0,8,2020,32,,202032,"[]",8,0,0,
0,0,9,2020,32,,202032,"[]",8,0,0,
0,0,10,2020,33,,202033,"[]",8,0,0,
0,0,11,2020,33,,202033,"[]",8,0,0,
0,0,12,2020,33,,202033,"[]",8,0,0,
0,0,13,2020,33,,202033,"[]",8,0,0,
0,0,14,2020,33,,202033,"[]",8,0,0,
0,0,15,2020,33,,202033,"[]",8,0,0,
0,0,16,2020,33,,202033,"[]",8,0,0,
0,0,17,2020,34,,202034,"[]",8,0,0,
0,0,18,2020,34,,202034,"[]",8,0,0,
0,0,19,2020,34,,202034,"[]",8,0,0,
0,0,20,2020,34,,202034,"[]",8,0,0,
0,0,21,2020,34,,202034,"[]",8,0,0,
0,0,22,2020,34,,202034,"[]",8,0,0,
0,0,23,2020,34,,202034,"[]",8,0,0,
0,0,24,2020,35,,202035,"[]",8,0,0,
0,0,25,2020,35,,202035,"[]",8,0,0,
0,0,26,2020,35,,202035,"[]",8,0,0,
0,0,27,2020,35,,202035,"[]",8,0,0,
0,0,28,2020,35,,202035,"[]",8,0,0,
0,0,29,2020,35,,202035,"[]",8,0,0,
0,0,30,2020,35,,202035,"[]",8,0,0,
0,0,31,2020,36,,202036,"[]",8,0,0,
0,0,1,2020,36,,202036,"[]",9,0,0,
0,0,2,2020,36,,202036,"[]",9,0,0,
0,0,3,2020,36,,202036,"[]",9,0,0,
0,0,4,2020,36,,202036,"[]",9,0,0,
0,0,5,2020,36,,202036,"[]",9,0,0,
0,0,6,2020,36,,202036,"[]",9,0,0,
0,0,7,2020,37,,202037,"[]",9,0,0,
0,0,8,2020,37,,202037,"[]",9,0,0,
0,0,9,2020,37,,202037,"[]",9,0,0,
0,0,10,2020,37,,202037,"[]",9,0,0,
0,0,11,2020,37,,202037,"[]",9,0,0,
0,0,12,2020,37,,202037,"[]",9,0,0,
0,0,13,2020,37,,202037,"[]",9,0,0,
0,0,14,2020,38,,202038,"[]",9,0,0,
0,0,15,2020,38,,202038,"[]",9,0,0,
0,0,16,2020,38,,202038,"[]",9,0,0,
0,0,17,2020,38,,202038,"[]",9,0,0,
0,0,18,2020,38,,202038,"[]",9,0,0,
0,0,19,2020,38,,202038,"[]",9,0,0,
0,0,20,2020,38,,202038,"[]",9,0,0,
0,0,21,2020,39,,202039,"[]",9,0,0,
0,0,22,2020,39,,202039,"[]",9,0,0,
0,0,23,2020,39,,202039,"[]",9,0,0,
0,0,24,2020,39,,202039,"[]",9,0,0,
0,0,25,2020,39,,202039,"[]",9,0,0,
0,0,26,2020,39,,202039,"[]",9,0,0,
0,0,27,2020,39,,202039,"[]",9,0,0,
0,0,28,2020,40,,202040,"[]",9,0,0,
0,0,29,2020,40,,202040,"[]",9,0,0,
0,0,30,2020,40,,202040,"[]",9,0,0,
0,0,1,2020,40,,202040,"[]",10,0,0,
0,0,2,2020,40,,202040,"[]",10,0,0,
0,0,3,2020,40,,202040,"[]",10,0,0,
0,0,4,2020,40,,202040,"[]",10,0,0,
0,0,5,2020,41,,202041,"[]",10,0,0,
0,0,6,2020,41,,202041,"[]",10,0,0,
0,0,7,2020,41,,202041,"[]",10,0,0,
0,0,8,2020,41,,202041,"[]",10,0,0,
0,0,9,2020,41,,202041,"[]",10,0,0,
0,0,10,2020,41,,202041,"[]",10,0,0,
0,0,11,2020,41,,202041,"[]",10,0,0,
0,0,12,2020,42,,202042,"[]",10,0,0,
0,0,13,2020,42,,202042,"[]",10,0,0,
0,0,14,2020,42,,202042,"[]",10,0,0,
0,0,15,2020,42,,202042,"[]",10,0,0,
0,0,16,2020,42,,202042,"[]",10,0,0,
0,0,17,2020,42,,202042,"[]",10,0,0,
0,0,18,2020,42,,202042,"[]",10,0,0,
0,0,19,2020,43,,202043,"[]",10,0,0,
0,0,20,2020,43,,202043,"[]",10,0,0,
0,0,21,2020,43,,202043,"[]",10,0,0,
0,0,22,2020,43,,202043,"[]",10,0,0,
0,0,23,2020,43,,202043,"[]",10,0,0,
0,0,24,2020,43,,202043,"[]",10,0,0,
0,0,25,2020,43,,202043,"[]",10,0,0,
0,0,26,2020,44,,202044,"[]",10,0,0,
0,0,27,2020,44,,202044,"[]",10,0,0,
0,0,28,2020,44,,202044,"[]",10,0,0,
0,0,29,2020,44,,202044,"[]",10,0,0,
0,0,30,2020,44,,202044,"[]",10,0,0,
0,0,31,2020,44,,202044,"[]",10,0,0,
0,0,1,2020,44,,202044,"[]",11,0,0,
0,0,2,2020,45,,202045,"[]",11,0,0,
0,0,3,2020,45,,202045,"[]",11,0,0,
0,0,4,2020,45,,202045,"[]",11,0,0,
0,0,5,2020,45,,202045,"[]",11,0,0,
0,0,6,2020,45,,202045,"[]",11,0,0,
0,0,7,2020,45,,202045,"[]",11,0,0,
0,0,8,2020,45,,202045,"[]",11,0,0,
0,0,9,2020,46,,202046,"[]",11,0,0,
0,0,10,2020,46,,202046,"[]",11,0,0,
0,0,11,2020,46,,202046,"[]",11,0,0,
0,0,12,2020,46,,202046,"[]",11,0,0,
0,0,13,2020,46,,202046,"[]",11,0,0,
0,0,14,2020,46,,202046,"[]",11,0,0,
0,0,15,2020,46,,202046,"[]",11,0,0,
0,0,16,2020,47,,202047,"[]",11,0,0,
0,0,17,2020,47,,202047,"[]",11,0,0,
0,0,18,2020,47,,202047,"[]",11,0,0,
0,0,19,2020,47,,202047,"[]",11,0,0,
0,0,20,2020,47,,202047,"[]",11,0,0,
0,0,21,2020,47,,202047,"[]",11,0,0,
0,0,22,2020,47,,202047,"[]",11,0,0,
0,0,23,2020,48,,202048,"[]",11,0,0,
0,0,24,2020,48,,202048,"[]",11,0,0,
0,0,25,2020,48,,202048,"[]",11,0,0,
0,0,26,2020,48,,202048,"[]",11,0,0,
0,0,27,2020,48,,202048,"[]",11,0,0,
0,0,28,2020,48,,202048,"[]",11,0,0,
0,0,29,2020,48,,202048,"[]",11,0,0,
0,0,30,2020,49,,202049,"[]",11,0,0,
0,0,1,2020,49,,202049,"[]",12,0,0,
0,0,2,2020,49,,202049,"[]",12,0,0,
0,0,3,2020,49,,202049,"[]",12,0,0,
0,0,4,2020,49,,202049,"[]",12,0,0,
0,0,5,2020,49,,202049,"[]",12,0,0,
0,0,6,2020,49,,202049,"[]",12,0,0,
0,0,7,2020,50,,202050,"[]",12,0,0,
0,0,8,2020,50,,202050,"[]",12,0,0,
0,0,9,2020,50,,202050,"[]",12,0,0,
0,0,10,2020,50,,202050,"[]",12,0,0,
0,0,11,2020,50,,202050,"[]",12,0,0,
0,0,12,2020,50,,202050,"[]",12,0,0,
0,0,13,2020,50,,202050,"[]",12,0,0,
0,0,14,2020,51,,202051,"[]",12,0,0,
0,0,15,2020,51,,202051,"[]",12,0,0,
0,0,16,2020,51,,202051,"[]",12,0,0,
0,0,17,2020,51,,202051,"[]",12,0,0,
0,0,18,2020,51,,202051,"[]",12,0,0,
0,0,19,2020,51,,202051,"[]",12,0,0,
0,0,20,2020,51,,202051,"[]",12,0,0,
0,0,21,2020,52,,202052,"[]",12,0,0,
0,0,22,2020,52,,202052,"[]",12,0,0,
0,0,23,2020,52,,202052,"[]",12,0,0,
0,0,24,2020,52,,202052,"[]",12,0,0,
0,0,25,2020,52,,202052,"[]",12,0,0,
0,0,26,2020,52,,202052,"[]",12,0,0,
0,0,27,2020,52,,202052,"[]",12,0,0,
0,0,28,2020,53,,202053,"[]",12,0,0,
0,0,29,2020,53,,202053,"[]",12,0,0,
0,0,30,2020,53,,202053,"[]",12,0,0,
0,0,31,2020,53,,202053,"[]",12,0,0,
0,0,1,2021,53,,202153,"[]",1,0,0,
0,0,2,2021,53,,202153,"[]",1,0,0,
0,0,3,2021,53,,202153,"[]",1,0,0,
0,0,4,2021,1,,20211,"[]",1,0,0,
0,0,5,2021,1,,20211,"[]",1,0,0,
0,0,6,2021,1,,20211,"[]",1,0,0,
0,0,7,2021,1,,20211,"[]",1,0,0,
0,0,8,2021,1,,20211,"[]",1,0,0,
0,0,9,2021,1,,20211,"[]",1,0,0,
0,0,10,2021,1,,20211,"[]",1,0,0,
0,0,11,2021,2,,20212,"[]",1,0,0,
0,0,12,2021,2,,20212,"[]",1,0,0,
0,0,13,2021,2,,20212,"[]",1,0,0,
0,0,14,2021,2,,20212,"[]",1,0,0,
0,0,15,2021,2,,20212,"[]",1,0,0,
0,0,16,2021,2,,20212,"[]",1,0,0,
0,0,17,2021,2,,20212,"[]",1,0,0,
0,0,18,2021,3,,20213,"[]",1,0,0,
0,0,19,2021,3,,20213,"[]",1,0,0,
0,0,20,2021,3,,20213,"[]",1,0,0,
0,0,21,2021,3,,20213,"[]",1,0,0,
0,0,22,2021,3,,20213,"[]",1,0,0,
0,0,23,2021,3,,20213,"[]",1,0,0,
0,0,24,2021,3,,20213,"[]",1,0,0,
0,0,25,2021,4,,20214,"[]",1,0,0,
0,0,26,2021,4,,20214,"[]",1,0,0,
0,0,27,2021,4,,20214,"[]",1,0,0,
0,0,28,2021,4,,20214,"[]",1,0,0,
0,0,29,2021,4,,20214,"[]",1,0,0,
0,0,30,2021,4,,20214,"[]",1,0,0,
0,0,31,2021,4,,20214,"[]",1,0,0,
0,0,1,2021,5,,20215,"[]",2,0,0,
0,0,2,2021,5,,20215,"[]",2,0,0,
0,0,3,2021,5,,20215,"[]",2,0,0,
0,0,4,2021,5,,20215,"[]",2,0,0,
0,0,5,2021,5,,20215,"[]",2,0,0,
0,0,6,2021,5,,20215,"[]",2,0,0,
0,0,7,2021,5,,20215,"[]",2,0,0,
0,0,8,2021,6,,20216,"[]",2,0,0,
0,0,9,2021,6,,20216,"[]",2,0,0,
0,0,10,2021,6,,20216,"[]",2,0,0,
0,0,11,2021,6,,20216,"[]",2,0,0,
0,0,12,2021,6,,20216,"[]",2,0,0,
0,0,13,2021,6,,20216,"[]",2,0,0,
0,0,14,2021,6,,20216,"[]",2,0,0,
0,0,15,2021,7,,20217,"[]",2,0,0,
0,0,16,2021,7,,20217,"[]",2,0,0,
0,0,17,2021,7,,20217,"[]",2,0,0,
0,0,18,2021,7,,20217,"[]",2,0,0,
0,0,19,2021,7,,20217,"[]",2,0,0,
0,0,20,2021,7,,20217,"[]",2,0,0,
0,0,21,2021,7,,20217,"[]",2,0,0,
0,0,22,2021,8,,20218,"[]",2,0,0,
0,0,23,2021,8,,20218,"[]",2,0,0,
0,0,24,2021,8,,20218,"[]",2,0,0,
0,0,25,2021,8,,20218,"[]",2,0,0,
0,0,26,2021,8,,20218,"[]",2,0,0,
0,0,27,2021,8,,20218,"[]",2,0,0,
0,0,28,2021,8,,20218,"[]",2,0,0,
0,0,1,2021,9,,20219,"[]",3,0,0,
0,0,2,2021,9,,20219,"[]",3,0,0,
0,0,3,2021,9,,20219,"[]",3,0,0,
0,0,4,2021,9,,20219,"[]",3,0,0,
0,0,5,2021,9,,20219,"[]",3,0,0,
0,0,6,2021,9,,20219,"[]",3,0,0,
0,0,7,2021,9,,20219,"[]",3,0,0,
0,0,8,2021,10,,202110,"[]",3,0,0,
0,0,9,2021,10,,202110,"[]",3,0,0,
0,0,10,2021,10,,202110,"[]",3,0,0,
0,0,11,2021,10,,202110,"[]",3,0,0,
0,0,12,2021,10,,202110,"[]",3,0,0,
0,0,13,2021,10,,202110,"[]",3,0,0,
0,0,14,2021,10,,202110,"[]",3,0,0,
0,0,15,2021,11,,202111,"[]",3,0,0,
0,0,16,2021,11,,202111,"[]",3,0,0,
0,0,17,2021,11,,202111,"[]",3,0,0,
0,0,18,2021,11,,202111,"[]",3,0,0,
0,0,19,2021,11,,202111,"[]",3,0,0,
0,0,20,2021,11,,202111,"[]",3,0,0,
0,0,21,2021,11,,202111,"[]",3,0,0,
0,0,22,2021,12,,202112,"[]",3,0,0,
0,0,26,2021,12,,202112,"[]",3,0,0,
0,0,9,2021,14,,202114,"[]",4,0,0,
0,0,10,2021,14,,202114,"[]",4,0,0,
0,0,14,2021,15,,202115,"[]",4,0,0,
0,0,16,2021,15,,202115,"[]",4,0,0,
0,0,19,2021,16,,202116,"[]",4,0,0,
0,0,22,2021,16,,202116,"[]",4,0,0,
0,0,24,2021,16,,202116,"[]",4,0,0,
0,0,1,2021,17,,202117,"[]",5,0,0,
0,0,9,2021,18,,202118,"[]",5,0,0,
0,0,10,2021,19,,202119,"[]",5,0,0,
0,0,11,2021,19,,202119,"[]",5,0,0,
0,0,12,2021,19,,202119,"[]",5,0,0,
0,0,13,2021,19,,202119,"[]",5,0,0,
0,0,16,2021,19,,202119,"[]",5,0,0,
0,0,22,2021,20,,202120,"[]",5,0,0,
0,0,27,2021,21,,202121,"[]",5,0,0,
0,0,28,2021,21,,202121,"[]",5,0,0,
0,0,29,2021,21,,202121,"[]",5,0,0,
0,0,1,2021,22,,202122,"[]",6,0,0,
0,0,4,2021,22,,202122,"[]",6,0,0,
0,0,5,2021,22,,202122,"[]",6,0,0,
0,0,8,2021,23,,202123,"[]",6,0,0,
0,0,9,2021,23,,202123,"[]",6,0,0,
0,0,10,2021,23,,202123,"[]",6,0,0,
0,0,11,2021,23,,202123,"[]",6,0,0,
0,0,13,2021,23,,202123,"[]",6,0,0,
0,0,16,2021,24,,202124,"[]",6,0,0,
0,0,18,2021,24,,202124,"[]",6,0,0,
0,0,19,2021,24,,202124,"[]",6,0,0,
0,0,23,2021,25,,202125,"[]",6,0,0,
0,0,25,2021,25,,202125,"[]",6,0,0,
0,0,26,2021,25,,202125,"[]",6,0,0,
0,0,28,2021,26,,202126,"[]",6,0,0,
0,0,1,2021,26,,202126,"[]",7,0,0,
0,0,2,2021,26,,202126,"[]",7,0,0,
0,0,3,2021,26,,202126,"[]",7,0,0,
0,0,4,2021,26,,202126,"[]",7,0,0,
0,0,5,2021,27,,202127,"[]",7,0,0,
0,0,8,2021,27,,202127,"[]",7,0,0,
0,0,9,2021,27,,202127,"[]",7,0,0,
0,0,10,2021,27,,202127,"[]",7,0,0,
0,0,11,2021,27,,202127,"[]",7,0,0,
0,0,12,2021,28,,202128,"[]",7,0,0,
0,0,14,2021,28,,202128,"[]",7,0,0,
0,0,16,2021,28,,202128,"[]",7,0,0,
0,0,17,2021,28,,202128,"[]",7,0,0,
0,0,18,2021,28,,202128,"[]",7,0,0,
0,0,20,2021,29,,202129,"[]",7,0,0,
0,0,21,2021,29,,202129,"[]",7,0,0,
0,0,22,2021,29,,202129,"[]",7,0,0,
0,0,23,2021,29,,202129,"[]",7,0,0,
0,0,24,2021,29,,202129,"[]",7,0,0,
0,0,25,2021,29,,202129,"[]",7,0,0,
0,0,31,2021,30,,202130,"[]",7,0,0,
0,0,1,2021,30,,202130,"[]",8,0,0,
0,0,2,2021,31,,202131,"[]",8,0,0,
0,0,3,2021,31,,202131,"[]",8,0,0,
0,0,4,2021,31,,202131,"[]",8,0,0,
0,0,6,2021,31,,202131,"[]",8,0,0,
0,0,7,2021,31,,202131,"[]",8,0,0,
0,0,8,2021,31,,202131,"[]",8,0,0,
0,0,10,2021,32,,202132,"[]",8,0,0,
0,0,11,2021,32,,202132,"[]",8,0,0,
0,0,12,2021,32,,202132,"[]",8,0,0,
0,0,13,2021,32,,202132,"[]",8,0,0,
0,0,14,2021,32,,202132,"[]",8,0,0,
0,0,15,2021,32,,202132,"[]",8,0,0,
0,0,16,2021,33,,202133,"[]",8,0,0,
0,0,19,2021,33,,202133,"[]",8,0,0,
0,0,21,2021,33,,202133,"[]",8,0,0,
0,0,23,2021,34,,202134,"[]",8,0,0,
0,0,26,2021,34,,202134,"[]",8,0,0,
0,0,27,2021,34,,202134,"[]",8,0,0,
0,0,28,2021,34,,202134,"[]",8,0,0,
0,0,29,2021,34,,202134,"[]",8,0,0,
0,0,30,2021,35,,202135,"[]",8,0,0,
0,0,31,2021,35,,202135,"[]",8,0,0,
0,0,3,2021,35,,202135,"[]",9,0,0,
0,0,4,2021,35,,202135,"[]",9,0,0,
0,0,7,2021,36,,202136,"[]",9,0,0,
0,0,8,2021,36,,202136,"[]",9,0,0,
0,0,9,2021,36,,202136,"[]",9,0,0,
0,0,11,2021,36,,202136,"[]",9,0,0,
0,0,12,2021,36,,202136,"[]",9,0,0,
0,0,13,2021,37,,202137,"[]",9,0,0,
0,0,14,2021,37,,202137,"[]",9,0,0,
0,0,15,2021,37,,202137,"[]",9,0,0,
0,0,16,2021,37,,202137,"[]",9,0,0,
0,0,17,2021,37,,202137,"[]",9,0,0,
0,0,18,2021,37,,202137,"[]",9,0,0,
0,0,20,2021,38,,202138,"[]",9,0,0,
0,0,21,2021,38,,202138,"[]",9,0,0,
0,0,22,2021,38,,202138,"[]",9,0,0,
0,0,24,2021,38,,202138,"[]",9,0,0,
0,0,25,2021,38,,202138,"[]",9,0,0,
0,0,26,2021,38,,202138,"[]",9,0,0,
0,0,27,2021,39,,202139,"[]",9,0,0,
0,0,28,2021,39,,202139,"[]",9,0,0,
0,0,29,2021,39,,202139,"[]",9,0,0,
0,0,30,2021,39,,202139,"[]",9,0,0,
0,0,2,2021,39,,202139,"[]",10,0,0,
0,0,3,2021,39,,202139,"[]",10,0,0,
0,0,4,2021,40,,202140,"[]",10,0,0,
0,0,5,2021,40,,202140,"[]",10,0,0,
0,0,10,2021,40,,202140,"[]",10,0,0,
0,0,12,2021,41,,202141,"[]",10,0,0,
0,0,16,2021,41,,202141,"[]",10,0,0,
0,0,17,2021,41,,202141,"[]",10,0,0,
0,0,19,2021,42,,202142,"[]",10,0,0,
0,0,20,2021,42,,202142,"[]",10,0,0,
0,0,21,2021,42,,202142,"[]",10,0,0,
0,0,22,2021,42,,202142,"[]",10,0,0,
0,0,23,2021,42,,202142,"[]",10,0,0,
0,0,24,2021,42,,202142,"[]",10,0,0,
0,0,25,2021,43,,202143,"[]",10,0,0,
0,0,26,2021,43,,202143,"[]",10,0,0,
0,0,27,2021,43,,202143,"[]",10,0,0,
0,0,28,2021,43,,202143,"[]",10,0,0,
0,0,29,2021,43,,202143,"[]",10,0,0,
0,0,30,2021,43,,202143,"[]",10,0,0,
0,0,31,2021,43,,202143,"[]",10,0,0,
0,0,1,2021,44,,202144,"[]",11,0,0,
0,0,3,2021,44,,202144,"[]",11,0,0,
0,0,6,2021,44,,202144,"[]",11,0,0,
0,0,9,2021,45,,202145,"[]",11,0,0,
0,0,10,2021,45,,202145,"[]",11,0,0,
0,0,11,2021,45,,202145,"[]",11,0,0,
0,0,12,2021,45,,202145,"[]",11,0,0,
0,0,13,2021,45,,202145,"[]",11,0,0,
0,0,14,2021,45,,202145,"[]",11,0,0,
0,0,15,2021,46,,202146,"[]",11,0,0,
0,0,16,2021,46,,202146,"[]",11,0,0,
0,0,17,2021,46,,202146,"[]",11,0,0,
0,0,18,2021,46,,202146,"[]",11,0,0,
0,0,19,2021,46,,202146,"[]",11,0,0,
0,0,20,2021,46,,202146,"[]",11,0,0,
0,0,21,2021,46,,202146,"[]",11,0,0,
0,0,22,2021,47,,202147,"[]",11,0,0,
0,0,23,2021,47,,202147,"[]",11,0,0,
0,0,26,2021,47,,202147,"[]",11,0,0,
0,0,27,2021,47,,202147,"[]",11,0,0,
0,0,28,2021,47,,202147,"[]",11,0,0,
0,0,29,2021,48,,202148,"[]",11,0,0,
0,0,30,2021,48,,202148,"[]",11,0,0,
0,0,1,2021,48,,202148,"[]",12,0,0,
0,0,2,2021,48,,202148,"[]",12,0,0,
0,0,3,2021,48,,202148,"[]",12,0,0,
0,0,5,2021,48,,202148,"[]",12,0,0,
0,0,7,2021,49,,202149,"[]",12,0,0,
0,0,8,2021,49,,202149,"[]",12,0,0,
0,0,11,2021,49,,202149,"[]",12,0,0,
0,0,15,2021,50,,202150,"[]",12,0,0,
0,0,16,2021,50,,202150,"[]",12,0,0,
0,0,23,2021,51,,202151,"[]",12,0,0,
0,0,25,2021,51,,202151,"[]",12,0,0,
0,0,26,2021,51,,202151,"[]",12,0,0,
0,0,27,2021,52,,202152,"[]",12,0,0,
0,0,30,2021,52,,202152,"[]",12,0,0,
0,0,1,2022,52,,202252,"[]",1,0,0,
0,0,8,2022,1,,20221,"[]",1,0,0,
0,0,26,2022,4,,20224,"[]",1,0,0,
0,0,30,2022,4,,20224,"[]",1,0,0,
0,0,6,2022,5,,20225,"[]",2,0,0,
0,0,19,2022,7,,20227,"[]",2,0,0,
0,0,20,2022,7,,20227,"[]",2,0,0,
0,0,26,2022,8,,20228,"[]",2,0,0,
0,0,27,2022,8,,20228,"[]",2,0,0,
0,0,5,2022,9,,20229,"[]",3,0,0,
0,0,13,2022,10,,202210,"[]",3,0,0,
0,0,31,2022,13,,202213,"[]",3,0,0,
0,0,1,2022,13,,202213,"[]",4,0,0,
0,0,2,2022,13,,202213,"[]",4,0,0,
0,0,3,2022,13,,202213,"[]",4,0,0,
0,0,7,2022,14,,202214,"[]",4,0,0,
0,0,16,2022,15,,202215,"[]",4,0,0,
0,0,18,2022,16,,202216,"[]",4,0,0,
0,0,24,2022,16,,202216,"[]",4,0,0,
0,0,30,2022,17,,202217,"[]",4,0,0,
0,0,7,2022,18,,202218,"[]",5,0,0,
0,0,11,2022,19,,202219,"[]",5,0,0,
0,0,4,2022,22,,202222,"[]",6,0,0,
0,0,12,2022,23,,202223,"[]",6,0,0,
0,0,24,2022,25,,202225,"[]",6,0,0,
0,0,28,2022,26,,202226,"[]",6,0,0,
0,0,6,2024,1,,20241,"[]",1,0,0,